time_in,time_out,side,tag,entry,sl,tp,exit,lots,pnl,r,reason,mae_r,equity_after
2012-05-24 09:45:00,2012-05-24 11:00:00,BUY,SweepEQL,1561.5,1553.14,1590.98,1553.14,0.12,-101.21,-1.008,SL,1.1,9898.79
2012-05-30 12:30:00,2012-05-30 16:15:00,BUY,SweepEQL,1550.51,1544.85,1582.77,1544.85,0.17,-97.48,-1.012,SL,1.65,9801.3
2012-06-14 16:30:00,2012-06-15 15:15:00,SELL,SweepEQH,1613.16,1628.99,1565.41,1628.99,0.06,-95.39,-1.004,SL,1.29,9705.91
2012-06-18 09:30:00,2012-06-18 12:00:00,SELL,SweepEQH,1619.69,1625.37,1602.62,1625.37,0.17,-97.67,-1.012,SL,1.14,9608.24
2012-06-21 02:15:00,2012-06-28 07:15:00,SELL,SweepEQH,1602.96,1621.61,1544.92,1575.62,0.05,136.35,1.462,time_stop,0.09,9744.59
2012-07-05 14:45:00,2012-07-06 19:00:00,SELL,SweepEQH,1614.75,1624.76,1578.68,1578.68,0.1,360.0,3.597,TP,0.19,10104.59
2012-07-11 01:15:00,2012-07-12 10:15:00,BUY,SweepEQL,1569.02,1566.36,1587.1,1566.36,0.38,-103.62,-1.026,SL,1.68,10000.97
2012-07-19 15:45:00,2012-07-25 13:45:00,SELL,SweepEQH,1583.51,1592.37,1554.94,1592.37,0.11,-98.19,-1.008,SL,1.08,9902.78
2012-07-27 15:30:00,2012-08-03 20:30:00,SELL,SweepEQH,1618.71,1630.35,1580.29,1605.89,0.09,114.75,1.095,time_stop,0.8,10017.53
2012-08-07 12:30:00,2012-08-07 15:45:00,SELL,SweepEQH,1612.07,1616.82,1596.41,1616.82,0.21,-101.21,-1.015,SL,1.3,9916.32
2012-08-07 16:15:00,2012-08-10 16:15:00,SELL,SweepEQH,1611.24,1618.82,1585.58,1618.82,0.13,-99.5,-1.009,SL,1.25,9816.81
2012-08-13 03:45:00,2012-08-13 05:15:00,SELL,SweepEQH,1619.43,1622.05,1605.46,1622.05,0.37,-99.68,-1.027,SL,1.23,9717.13
2012-08-13 14:45:00,2012-08-14 15:30:00,SELL,SweepEQH,1621.59,1626.1,1605.46,1605.46,0.22,353.32,3.563,TP,0.32,10070.45
2012-08-16 05:45:00,2012-08-16 15:30:00,SELL,SweepEQH,1604.48,1607.01,1592.36,1607.01,0.4,-103.99,-1.028,SL,1.7,9966.46
2012-08-24 02:45:00,2012-08-24 18:15:00,SELL,SweepEQH,1668.1,1671.16,1657.17,1671.16,0.33,-103.27,-1.023,SL,1.44,9863.19
2012-08-24 18:15:00,2012-08-24 20:00:00,SELL,SweepEQH,1664.43,1673.41,1634.22,1673.41,0.11,-99.51,-1.008,SL,1.01,9763.69
2012-08-31 16:45:00,2012-08-31 17:15:00,SELL,SweepEQH,1656.63,1664.31,1634.22,1664.31,0.13,-100.73,-1.009,SL,1.93,9662.96
2012-09-11 18:45:00,2012-09-12 10:45:00,SELL,SweepEQH,1731.41,1738.82,1689.7,1738.82,0.13,-97.18,-1.009,SL,1.07,9565.78
2012-09-20 05:30:00,2012-09-21 03:30:00,SELL,SweepEQH,1768.27,1772.63,1755.09,1772.63,0.22,-97.53,-1.016,SL,1.07,9468.26
2012-09-21 14:15:00,2012-09-21 15:15:00,SELL,SweepEQH,1772.32,1776.71,1755.22,1776.71,0.22,-98.04,-1.016,SL,1.46,9370.21
2012-09-25 10:15:00,2012-09-25 19:15:00,BUY,SweepEQL,1766.52,1761.42,1785.95,1761.42,0.18,-92.99,-1.014,SL,1.14,9277.23
2012-10-11 05:00:00,2012-10-12 20:15:00,BUY,SweepEQL,1762.83,1758.06,1776.07,1758.06,0.19,-91.89,-1.015,SL,1.14,9185.34
2012-10-15 10:15:00,2012-10-15 15:15:00,BUY,SweepEQL,1748.85,1741.75,1773.26,1741.75,0.13,-93.21,-1.01,SL,1.07,9092.13
2012-10-15 19:30:00,2012-10-19 18:15:00,BUY,SweepEQL,1738.12,1727.5,1773.26,1727.5,0.09,-96.25,-1.007,SL,1.15,8995.88
2012-10-24 15:45:00,2012-10-24 17:00:00,BUY,SweepEQL,1711.0,1705.05,1727.64,1705.05,0.15,-90.24,-1.012,SL,1.09,8905.64
2012-10-29 08:00:00,2012-10-29 09:15:00,BUY,SweepEQL,1717.25,1712.21,1736.81,1712.21,0.18,-91.99,-1.014,SL,1.01,8813.65
2012-11-01 20:45:00,2012-11-01 21:45:00,BUY,SweepEQL,1717.04,1714.39,1726.98,1714.39,0.33,-89.92,-1.026,SL,1.24,8723.74
2012-11-05 12:45:00,2012-11-06 19:15:00,BUY,SweepEQL,1680.73,1671.92,1708.39,1708.39,0.1,275.9,3.132,TP,0.32,8999.64
2012-11-07 10:00:00,2012-11-07 12:15:00,SELL,SweepEQH,1723.49,1730.27,1694.45,1730.27,0.13,-89.03,-1.01,SL,1.21,8910.61
2012-11-12 15:15:00,2012-11-13 03:00:00,SELL,SweepEQH,1734.57,1738.44,1721.65,1721.65,0.23,295.55,3.324,TP,0.49,9206.16
2012-11-14 17:30:00,2012-11-14 18:30:00,SELL,SweepEQH,1722.73,1731.87,1688.42,1731.87,0.1,-92.12,-1.008,SL,1.1,9114.04
2012-11-16 11:00:00,2012-11-16 16:45:00,SELL,SweepEQH,1711.4,1716.64,1688.42,1716.64,0.17,-90.23,-1.013,SL,1.06,9023.81
2012-11-19 21:45:00,2012-11-23 17:00:00,SELL,SweepEQH,1731.15,1735.87,1716.03,1735.87,0.19,-91.04,-1.015,SL,1.09,8932.77
2012-11-26 10:45:00,2012-11-26 15:15:00,SELL,SweepEQH,1747.78,1752.18,1731.6,1752.18,0.2,-89.44,-1.016,SL,1.0,8843.33
2012-11-28 13:00:00,2012-11-28 15:15:00,SELL,SweepEQH,1738.25,1742.48,1726.23,1726.23,0.21,250.95,2.825,TP,0.53,9094.28
2012-11-30 13:15:00,2012-11-30 15:00:00,BUY,SweepEQL,1730.63,1727.01,1740.49,1727.01,0.25,-92.25,-1.019,SL,1.42,9002.03
2012-12-07 16:15:00,2012-12-14 21:15:00,BUY,SweepEQL,1702.36,1682.86,1774.82,1696.45,0.05,-29.9,-0.307,time_stop,0.67,8972.13
2012-12-27 17:30:00,2013-01-04 02:15:00,BUY,SweepEQL,1660.2,1651.71,1703.07,1651.71,0.11,-94.16,-1.008,SL,1.04,8877.97
2013-01-15 20:45:00,2013-01-17 17:00:00,SELL,SweepEQH,1681.23,1685.58,1666.16,1685.58,0.2,-88.5,-1.016,SL,1.41,8789.48
2013-01-21 11:45:00,2013-01-22 04:00:00,SELL,SweepEQH,1687.32,1691.53,1666.16,1691.53,0.21,-89.93,-1.017,SL,1.17,8699.55
2013-01-22 22:00:00,2013-01-24 16:45:00,SELL,SweepEQH,1692.43,1696.36,1666.16,1666.16,0.22,576.4,6.67,TP,0.64,9275.95
2013-01-28 14:30:00,2013-01-28 15:30:00,BUY,SweepEQL,1656.62,1652.98,1668.86,1652.98,0.25,-92.72,-1.019,SL,1.3,9183.23
2013-01-31 22:30:00,2013-02-05 15:45:00,BUY,SweepEQL,1663.76,1657.3,1683.74,1683.74,0.14,278.74,3.082,TP,0.61,9461.97
2013-02-05 19:45:00,2013-02-07 16:15:00,BUY,SweepEQL,1673.12,1665.75,1694.94,1665.75,0.13,-96.67,-1.01,SL,1.22,9365.3
2013-02-15 08:30:00,2013-02-15 10:30:00,BUY,SweepEQL,1633.9,1631.41,1643.15,1631.41,0.38,-97.17,-1.028,SL,1.71,9268.13
2013-02-18 19:30:00,2013-02-19 16:45:00,BUY,SweepEQL,1610.1,1606.6,1628.76,1606.6,0.26,-92.83,-1.02,SL,1.03,9175.3
2013-03-01 15:00:00,2013-03-08 15:30:00,BUY,SweepEQL,1573.75,1564.03,1603.01,1564.03,0.09,-88.14,-1.007,SL,1.27,9087.16
2013-03-12 02:30:00,2013-03-12 04:30:00,SELL,SweepEQH,1580.6,1582.61,1575.5,1582.61,0.45,-93.47,-1.035,SL,1.6,8993.68
2013-03-14 15:30:00,2013-03-22 02:15:00,BUY,SweepEQL,1585.62,1575.44,1620.1,1614.89,0.09,262.8,2.868,time_stop,0.23,9256.48
2013-04-09 04:00:00,2013-04-10 17:30:00,BUY,SweepEQL,1574.65,1570.09,1597.65,1570.09,0.2,-92.6,-1.015,SL,1.36,9163.88
2013-04-11 04:15:00,2013-04-12 12:00:00,BUY,SweepEQL,1558.72,1552.83,1580.04,1552.83,0.16,-95.37,-1.012,SL,1.91,9068.51
2013-04-24 15:15:00,2013-04-25 20:00:00,BUY,SweepEQL,1426.67,1418.32,1459.21,1459.21,0.11,357.17,3.888,TP,0.65,9425.68
2013-05-07 19:00:00,2013-05-10 14:00:00,BUY,SweepEQL,1452.26,1440.26,1488.08,1440.26,0.08,-96.53,-1.006,SL,1.68,9329.15
2013-05-22 09:45:00,2013-05-22 17:45:00,BUY,SweepEQL,1387.7,1374.79,1427.15,1374.79,0.07,-90.84,-1.005,SL,1.61,9238.31
2013-05-30 01:15:00,2013-05-30 04:45:00,SELL,SweepEQH,1391.43,1395.82,1379.32,1395.82,0.21,-93.6,-1.016,SL,1.51,9144.7
2013-06-03 10:15:00,2013-06-03 10:45:00,SELL,SweepEQH,1392.26,1399.01,1356.61,1399.01,0.14,-95.42,-1.01,SL,1.01,9049.28
2013-06-05 20:00:00,2013-06-06 18:45:00,SELL,SweepEQH,1399.91,1411.58,1356.61,1411.58,0.08,-93.89,-1.006,SL,1.25,8955.39
2013-06-10 18:15:00,2013-06-11 10:30:00,BUY,SweepEQL,1386.97,1374.77,1423.89,1374.77,0.07,-85.89,-1.006,SL,1.22,8869.5
2013-06-24 15:45:00,2013-06-24 19:15:00,BUY,SweepEQL,1289.95,1278.16,1345.61,1278.16,0.08,-94.87,-1.006,SL,1.08,8774.63
2013-06-27 01:30:00,2013-06-27 20:00:00,BUY,SweepEQL,1228.2,1220.67,1254.89,1220.67,0.12,-91.18,-1.009,SL,1.37,8683.45
2013-07-03 09:45:00,2013-07-03 10:00:00,BUY,SweepEQL,1247.28,1242.51,1260.66,1242.51,0.18,-87.06,-1.015,SL,2.06,8596.39
2013-07-03 21:15:00,2013-07-04 14:45:00,BUY,SweepEQL,1254.05,1246.47,1277.97,1246.47,0.11,-84.12,-1.009,SL,1.07,8512.27
2013-07-04 16:45:00,2013-07-05 04:30:00,BUY,SweepEQL,1251.98,1244.14,1277.97,1244.14,0.11,-87.02,-1.009,SL,1.24,8425.25
2013-07-09 12:00:00,2013-07-10 17:30:00,SELL,SweepEQH,1254.04,1261.1,1233.58,1261.1,0.12,-85.57,-1.01,SL,1.12,8339.68
2013-07-11 10:00:00,2013-07-17 17:15:00,SELL,SweepEQH,1284.57,1300.07,1233.58,1300.07,0.05,-77.83,-1.005,SL,1.03,8261.86
2013-07-25 08:45:00,2013-07-25 10:00:00,SELL,SweepEQH,1320.63,1324.48,1293.87,1324.48,0.21,-82.4,-1.018,SL,1.06,8179.46
2013-07-25 11:45:00,2013-07-25 15:30:00,SELL,SweepEQH,1318.18,1325.33,1293.87,1325.33,0.11,-79.43,-1.01,SL,1.32,8100.03
2013-07-29 04:00:00,2013-07-29 13:45:00,SELL,SweepEQH,1327.05,1335.29,1293.87,1335.29,0.1,-83.09,-1.008,SL,1.35,8016.93
2013-08-14 08:00:00,2013-08-14 12:00:00,SELL,SweepEQH,1319.38,1325.9,1291.71,1325.9,0.12,-79.08,-1.011,SL,1.23,7937.86
2013-08-14 16:00:00,2013-08-14 17:00:00,SELL,SweepEQH,1321.27,1328.03,1291.71,1328.03,0.12,-82.02,-1.01,SL,1.05,7855.84
2013-08-19 22:30:00,2013-08-20 07:15:00,BUY,SweepEQL,1368.19,1361.93,1386.06,1361.93,0.13,-82.35,-1.011,SL,1.1,7773.49
2013-08-21 07:30:00,2013-08-21 21:30:00,SELL,SweepEQH,1368.01,1374.88,1324.81,1374.88,0.11,-76.37,-1.01,SL,1.62,7697.11
2013-08-22 01:45:00,2013-08-22 17:00:00,SELL,SweepEQH,1356.58,1380.21,1282.93,1380.21,0.03,-71.11,-1.003,SL,1.06,7626.0
2013-08-29 03:30:00,2013-08-30 10:00:00,SELL,SweepEQH,1414.07,1418.72,1398.15,1398.15,0.16,253.6,3.411,TP,0.56,7879.6
2013-08-30 15:30:00,2013-08-30 18:15:00,SELL,SweepEQH,1393.44,1399.28,1368.66,1399.28,0.14,-82.69,-1.012,SL,1.75,7796.91
2013-09-04 08:30:00,2013-09-05 08:30:00,SELL,SweepEQH,1408.99,1415.44,1384.5,1384.5,0.12,293.04,3.784,TP,0.14,8089.95
2013-09-05 09:45:00,2013-09-05 17:00:00,BUY,SweepEQL,1387.07,1380.47,1405.8,1380.47,0.12,-80.05,-1.011,SL,1.14,8009.9
2013-09-09 15:45:00,2013-09-10 06:00:00,BUY,SweepEQL,1388.22,1381.47,1409.89,1381.47,0.12,-81.87,-1.01,SL,1.46,7928.03
2013-09-17 01:45:00,2013-09-18 03:15:00,BUY,SweepEQL,1314.09,1303.06,1359.29,1303.06,0.07,-77.71,-1.006,SL,1.7,7850.32
2013-09-23 05:30:00,2013-09-24 14:30:00,BUY,SweepEQL,1321.78,1312.52,1356.69,1312.52,0.08,-74.61,-1.008,SL,1.01,7775.71
2013-09-26 03:45:00,2013-09-26 05:30:00,BUY,SweepEQL,1335.05,1330.73,1356.69,1330.73,0.18,-78.93,-1.016,SL,1.06,7696.77
2013-09-27 05:15:00,2013-10-01 15:00:00,BUY,SweepEQL,1325.09,1319.17,1356.69,1319.17,0.13,-77.88,-1.012,SL,1.71,7618.9
2013-10-16 22:30:00,2013-10-17 03:15:00,SELL,SweepEQH,1279.43,1284.16,1256.52,1284.16,0.16,-76.78,-1.015,SL,1.27,7542.11
2013-10-17 22:30:00,2013-10-18 09:45:00,SELL,SweepEQH,1318.72,1324.93,1274.54,1324.93,0.12,-75.37,-1.011,SL,1.36,7466.74
2013-10-28 15:30:00,2013-10-28 16:00:00,SELL,SweepEQH,1348.71,1355.0,1330.36,1355.0,0.12,-76.32,-1.011,SL,1.32,7390.43
2013-11-06 15:45:00,2013-11-07 14:45:00,SELL,SweepEQH,1316.54,1322.51,1274.54,1322.51,0.12,-72.5,-1.012,SL,1.64,7317.92
2013-11-13 14:45:00,2013-11-13 20:00:00,BUY,SweepEQL,1278.44,1270.52,1313.74,1270.52,0.09,-71.87,-1.009,SL,1.07,7246.05
2013-11-14 01:00:00,2013-11-20 13:15:00,BUY,SweepEQL,1283.52,1267.52,1340.0,1267.52,0.05,-80.35,-1.004,SL,1.55,7165.7
2013-11-21 11:15:00,2013-11-21 15:45:00,BUY,SweepEQL,1249.08,1242.62,1268.63,1242.62,0.11,-71.82,-1.011,SL,1.54,7093.87
2013-11-25 02:45:00,2013-11-25 08:00:00,BUY,SweepEQL,1244.07,1236.63,1268.63,1236.63,0.1,-75.08,-1.009,SL,2.33,7018.79
2013-11-25 15:45:00,2013-12-02 17:00:00,BUY,SweepEQL,1235.19,1227.11,1264.23,1227.11,0.09,-73.31,-1.009,SL,1.04,6945.48
2013-12-03 17:45:00,2013-12-04 10:00:00,BUY,SweepEQL,1223.57,1214.32,1252.92,1214.32,0.08,-74.54,-1.008,SL,1.22,6870.94
2013-12-10 10:45:00,2013-12-10 12:30:00,SELL,SweepEQH,1243.4,1248.19,1227.24,1248.19,0.14,-68.03,-1.015,SL,1.05,6802.91
2013-12-13 03:30:00,2013-12-13 10:00:00,BUY,SweepEQL,1228.7,1224.37,1244.79,1224.37,0.16,-70.48,-1.016,SL,1.33,6732.43
2013-12-13 13:00:00,2013-12-18 22:30:00,BUY,SweepEQL,1228.44,1219.82,1256.92,1219.82,0.08,-69.5,-1.008,SL,1.32,6662.93
2013-12-31 07:45:00,2013-12-31 15:45:00,BUY,SweepEQL,1199.74,1194.35,1216.11,1194.35,0.12,-65.58,-1.013,SL,3.21,6597.35
2014-01-07 06:15:00,2014-01-07 08:15:00,SELL,SweepEQH,1239.85,1244.3,1214.21,1244.3,0.15,-67.81,-1.016,SL,1.21,6529.54
2014-01-15 10:00:00,2014-01-16 07:45:00,SELL,SweepEQH,1239.55,1242.69,1227.16,1242.69,0.21,-67.5,-1.022,SL,1.1,6462.04
2014-01-17 03:00:00,2014-01-17 03:45:00,SELL,SweepEQH,1241.31,1243.45,1234.21,1243.45,0.3,-66.26,-1.033,SL,1.08,6395.78
2014-01-31 12:15:00,2014-02-05 15:15:00,BUY,SweepEQL,1245.38,1237.86,1267.67,1267.67,0.09,199.98,2.954,TP,0.79,6595.76
2014-02-06 06:45:00,2014-02-06 14:15:00,BUY,SweepEQL,1256.84,1254.86,1263.28,1263.28,0.33,210.21,3.211,TP,0.29,6805.97
2014-02-07 02:30:00,2014-02-07 15:30:00,BUY,SweepEQL,1258.53,1255.95,1266.75,1266.75,0.26,211.9,3.16,TP,0.83,7017.87
2014-02-18 03:00:00,2014-02-18 12:00:00,SELL,SweepEQH,1325.57,1329.49,1314.8,1314.8,0.18,192.6,2.727,TP,0.07,7210.47
2014-02-19 18:30:00,2014-02-20 22:15:00,SELL,SweepEQH,1318.32,1322.54,1304.39,1322.54,0.17,-72.98,-1.017,SL,1.25,7137.49
2014-02-21 18:00:00,2014-02-21 20:30:00,SELL,SweepEQH,1319.35,1326.09,1299.77,1326.09,0.11,-74.92,-1.01,SL,1.18,7062.58
2014-02-26 09:30:00,2014-02-26 15:00:00,SELL,SweepEQH,1341.9,1345.72,1331.21,1331.21,0.18,191.16,2.779,TP,0.28,7253.74
2014-02-28 05:00:00,2014-02-28 20:30:00,SELL,SweepEQH,1330.18,1333.53,1320.01,1320.01,0.22,222.2,3.017,TP,0.79,7475.94
2014-03-07 10:30:00,2014-03-07 15:15:00,SELL,SweepEQH,1347.64,1352.54,1333.21,1352.54,0.15,-74.56,-1.014,SL,1.07,7401.38
2014-03-12 10:15:00,2014-03-12 14:30:00,SELL,SweepEQH,1354.63,1363.64,1327.97,1363.64,0.08,-72.66,-1.008,SL,1.21,7328.71
2014-03-17 22:15:00,2014-03-18 03:15:00,BUY,SweepEQL,1368.02,1361.28,1388.91,1361.28,0.11,-74.94,-1.01,SL,1.03,7253.77
2014-03-21 10:15:00,2014-03-24 03:15:00,BUY,SweepEQL,1337.5,1328.5,1364.0,1328.5,0.08,-72.59,-1.008,SL,1.16,7181.18
2014-03-24 07:15:00,2014-03-24 09:00:00,BUY,SweepEQL,1328.2,1324.43,1339.83,1324.43,0.19,-72.88,-1.019,SL,1.59,7108.3
2014-04-01 06:45:00,2014-04-08 11:45:00,BUY,SweepEQL,1284.96,1277.2,1311.37,1311.37,0.09,237.06,3.394,TP,0.94,7345.36
2014-04-23 13:00:00,2014-04-23 17:30:00,BUY,SweepEQL,1285.92,1281.63,1301.69,1281.63,0.17,-74.08,-1.016,SL,1.2,7271.28
2014-04-25 10:45:00,2014-04-29 10:30:00,BUY,SweepEQL,1294.39,1289.91,1307.0,1289.91,0.16,-72.73,-1.016,SL,1.22,7198.55
2014-04-30 10:00:00,2014-04-30 15:30:00,SELL,SweepEQH,1291.0,1295.12,1268.41,1295.12,0.17,-71.26,-1.017,SL,1.51,7127.3
2014-05-02 22:00:00,2014-05-05 04:00:00,SELL,SweepEQH,1297.26,1305.05,1273.21,1305.05,0.09,-70.73,-1.009,SL,1.54,7056.57
2014-05-06 12:30:00,2014-05-07 06:00:00,SELL,SweepEQH,1308.04,1313.45,1280.34,1313.45,0.13,-71.25,-1.013,SL,1.01,6985.32
2014-05-14 06:30:00,2014-05-14 13:45:00,BUY,SweepEQL,1294.41,1291.24,1303.84,1303.84,0.22,205.92,2.957,TP,0.28,7191.24
2014-05-16 06:45:00,2014-05-16 09:30:00,BUY,SweepEQL,1297.59,1294.36,1306.28,1294.36,0.22,-72.59,-1.022,SL,1.14,7118.66
2014-05-20 01:15:00,2014-05-20 04:00:00,BUY,SweepEQL,1294.1,1292.3,1302.7,1292.3,0.39,-73.02,-1.039,SL,1.76,7045.64
2014-05-21 21:30:00,2014-05-27 10:15:00,BUY,SweepEQL,1291.55,1282.72,1331.04,1282.72,0.08,-71.16,-1.008,SL,1.01,6974.48
2014-06-05 13:45:00,2014-06-05 14:45:00,BUY,SweepEQL,1245.31,1242.09,1256.27,1242.09,0.22,-72.3,-1.022,SL,1.34,6902.18
2014-06-06 15:00:00,2014-06-06 16:30:00,BUY,SweepEQL,1254.09,1251.03,1267.1,1251.03,0.23,-72.04,-1.023,SL,2.71,6830.14
2014-06-11 01:00:00,2014-06-11 04:30:00,SELL,SweepEQH,1258.79,1261.61,1251.04,1261.61,0.24,-69.39,-1.025,SL,1.01,6760.74
2014-06-13 02:15:00,2014-06-13 04:00:00,SELL,SweepEQH,1272.22,1274.91,1261.71,1274.91,0.25,-69.07,-1.026,SL,1.2,6691.67
2014-06-17 03:00:00,2014-06-17 05:00:00,BUY,SweepEQL,1272.97,1270.89,1282.51,1270.89,0.32,-68.72,-1.034,SL,1.16,6622.95
2014-06-17 14:15:00,2014-06-17 16:30:00,SELL,SweepEQH,1263.87,1267.24,1254.56,1267.24,0.2,-68.9,-1.021,SL,1.28,6554.05
2014-06-18 16:00:00,2014-06-18 21:00:00,SELL,SweepEQH,1269.8,1274.5,1254.56,1274.5,0.14,-66.81,-1.015,SL,1.22,6487.24
2014-06-19 04:30:00,2014-06-19 09:30:00,SELL,SweepEQH,1276.84,1279.65,1267.9,1279.65,0.23,-66.18,-1.025,SL,1.21,6421.06
2014-06-27 10:00:00,2014-06-30 20:45:00,SELL,SweepEQH,1318.16,1322.6,1292.15,1322.6,0.14,-63.1,-1.016,SL,2.13,6357.96
2014-07-02 22:00:00,2014-07-03 15:15:00,SELL,SweepEQH,1327.05,1332.19,1312.53,1312.53,0.12,173.4,2.812,TP,0.14,6531.36
2014-07-08 05:45:00,2014-07-08 14:00:00,SELL,SweepEQH,1317.15,1320.45,1306.17,1320.45,0.2,-67.4,-1.021,SL,1.68,6463.96
2014-07-08 17:00:00,2014-07-09 09:15:00,SELL,SweepEQH,1317.54,1325.31,1275.87,1325.31,0.08,-62.75,-1.009,SL,1.09,6401.21
2014-07-11 16:15:00,2014-07-14 14:30:00,SELL,SweepEQH,1333.51,1339.46,1316.3,1316.3,0.11,188.54,2.881,TP,0.92,6589.75
2014-07-16 15:30:00,2014-07-17 18:15:00,BUY,SweepEQL,1299.86,1294.94,1313.59,1313.59,0.13,177.58,2.776,TP,0.67,6767.33
2014-07-21 13:00:00,2014-07-21 16:45:00,BUY,SweepEQL,1315.16,1312.13,1324.53,1312.13,0.22,-68.2,-1.023,SL,1.56,6699.13
2014-07-24 09:45:00,2014-07-24 16:30:00,BUY,SweepEQL,1298.72,1295.5,1309.49,1295.5,0.21,-69.14,-1.022,SL,2.43,6630.0
2014-07-28 10:45:00,2014-07-29 10:45:00,SELL,SweepEQH,1302.05,1309.51,1266.23,1309.51,0.09,-67.77,-1.009,SL,1.21,6562.23
2014-07-31 09:15:00,2014-07-31 15:30:00,BUY,SweepEQL,1294.56,1291.08,1310.46,1291.08,0.19,-67.52,-1.02,SL,2.58,6494.71
2014-08-01 15:30:00,2014-08-07 18:45:00,BUY,SweepEQL,1286.12,1278.74,1310.46,1310.46,0.09,218.43,3.287,TP,0.51,6713.14
2014-08-14 06:15:00,2014-08-14 13:30:00,BUY,SweepEQL,1312.9,1310.19,1322.53,1310.19,0.25,-69.4,-1.026,SL,1.59,6643.74
2014-08-18 21:00:00,2014-08-19 16:45:00,BUY,SweepEQL,1299.6,1295.05,1313.6,1295.05,0.15,-69.29,-1.015,SL,1.04,6574.44
2014-08-20 14:00:00,2014-08-20 21:00:00,BUY,SweepEQL,1295.86,1291.16,1310.02,1291.16,0.14,-66.77,-1.015,SL,1.22,6507.68
2014-08-22 18:15:00,2014-08-29 23:30:00,BUY,SweepEQL,1280.91,1273.42,1302.67,1287.01,0.09,54.27,0.805,time_stop,0.99,6561.95
2014-09-01 05:30:00,2014-09-02 04:15:00,BUY,SweepEQL,1286.82,1284.63,1292.38,1284.63,0.3,-67.83,-1.032,SL,1.89,6494.12
2014-09-05 08:45:00,2014-09-05 15:30:00,BUY,SweepEQL,1264.97,1262.15,1273.67,1262.15,0.23,-66.4,-1.025,SL,1.34,6427.72
2014-09-05 15:30:00,2014-09-08 16:45:00,BUY,SweepEQL,1269.09,1260.62,1296.3,1260.62,0.08,-68.31,-1.008,SL,1.19,6359.41
2014-09-08 20:45:00,2014-09-09 18:45:00,BUY,SweepEQL,1256.11,1250.78,1271.63,1250.78,0.12,-64.84,-1.013,SL,1.12,6294.57
2014-09-15 13:45:00,2014-09-15 15:30:00,BUY,SweepEQL,1236.17,1233.97,1241.93,1233.97,0.29,-65.75,-1.032,SL,1.43,6228.82
2014-09-17 20:45:00,2014-09-17 21:00:00,BUY,SweepEQL,1237.01,1233.41,1246.78,1233.41,0.17,-62.38,-1.019,SL,2.69,6166.44
2014-09-18 11:15:00,2014-09-18 14:30:00,BUY,SweepEQL,1225.65,1221.63,1239.05,1221.63,0.15,-61.4,-1.017,SL,1.13,6105.05
2014-09-29 09:30:00,2014-09-29 23:15:00,BUY,SweepEQL,1218.89,1214.81,1231.14,1214.81,0.15,-62.26,-1.017,SL,1.01,6042.78
2014-10-01 12:15:00,2014-10-02 06:00:00,BUY,SweepEQL,1208.87,1204.88,1219.96,1219.96,0.15,165.3,2.761,TP,0.29,6208.08
2014-10-02 15:30:00,2014-10-03 09:45:00,BUY,SweepEQL,1213.99,1207.86,1234.99,1207.86,0.1,-62.04,-1.011,SL,1.23,6146.05
2014-10-10 15:45:00,2014-10-13 01:00:00,SELL,SweepEQH,1220.9,1225.77,1204.96,1225.77,0.13,-64.2,-1.014,SL,1.55,6081.85
2014-11-06 15:15:00,2014-11-06 15:30:00,BUY,SweepEQL,1148.71,1142.19,1167.67,1142.19,0.09,-59.33,-1.011,SL,1.16,6022.52
2014-11-11 18:15:00,2014-11-14 08:15:00,BUY,SweepEQL,1160.35,1152.72,1203.08,1152.72,0.08,-61.59,-1.009,SL,1.31,5960.93
2014-11-19 14:15:00,2014-11-21 15:00:00,SELL,SweepEQH,1193.85,1202.66,1146.72,1202.66,0.07,-62.19,-1.008,SL,1.56,5898.73
2014-11-24 09:45:00,2014-11-28 19:00:00,SELL,SweepEQH,1196.91,1204.02,1176.65,1176.65,0.08,161.52,2.839,TP,0.83,6060.25
2014-12-04 01:00:00,2014-12-04 15:45:00,SELL,SweepEQH,1208.28,1211.49,1199.41,1211.49,0.19,-62.29,-1.022,SL,1.56,5997.96
2014-12-08 12:30:00,2014-12-08 20:45:00,SELL,SweepEQH,1194.43,1198.51,1169.2,1198.51,0.15,-62.29,-1.017,SL,1.41,5935.67
2014-12-11 20:15:00,2014-12-15 21:30:00,SELL,SweepEQH,1224.76,1232.82,1199.92,1199.92,0.07,173.39,3.073,TP,0.62,6109.06
2014-12-17 07:45:00,2014-12-17 11:45:00,BUY,SweepEQL,1198.85,1195.43,1212.54,1195.43,0.18,-62.85,-1.02,SL,1.33,6046.21
2014-12-17 13:45:00,2014-12-17 17:00:00,BUY,SweepEQL,1200.89,1193.81,1223.34,1193.81,0.09,-64.33,-1.01,SL,1.17,5981.88
2014-12-26 09:00:00,2015-01-02 15:15:00,BUY,SweepEQL,1186.6,1172.08,1231.94,1172.08,0.04,-58.37,-1.005,SL,1.33,5923.51
2015-01-06 01:00:00,2015-01-06 06:00:00,SELL,SweepEQH,1202.49,1207.78,1186.74,1207.78,0.11,-58.96,-1.013,SL,1.04,5864.56
2015-01-06 17:15:00,2015-01-06 18:30:00,SELL,SweepEQH,1206.94,1214.77,1178.0,1214.77,0.07,-55.31,-1.009,SL,1.81,5809.24
2015-01-09 05:30:00,2015-01-09 08:15:00,SELL,SweepEQH,1210.59,1213.26,1201.52,1213.26,0.22,-60.35,-1.026,SL,1.1,5748.89
2015-01-21 16:30:00,2015-01-22 18:15:00,SELL,SweepEQH,1298.82,1305.95,1271.89,1305.95,0.08,-57.63,-1.01,SL,1.22,5691.26
2015-01-28 15:15:00,2015-01-29 11:15:00,SELL,SweepEQH,1289.0,1293.44,1275.63,1275.63,0.13,172.9,2.992,TP,0.09,5864.16
2015-02-03 20:30:00,2015-02-06 15:30:00,BUY,SweepEQL,1264.18,1254.44,1292.9,1254.44,0.06,-58.85,-1.007,SL,1.82,5805.31
2015-02-12 15:30:00,2015-02-12 17:15:00,BUY,SweepEQL,1226.42,1220.84,1243.96,1220.84,0.1,-56.47,-1.013,SL,1.17,5748.84
2015-02-20 01:00:00,2015-02-20 11:00:00,BUY,SweepEQL,1208.44,1204.93,1222.81,1204.93,0.16,-57.35,-1.02,SL,1.73,5691.48
2015-02-24 12:45:00,2015-02-24 17:00:00,BUY,SweepEQL,1198.38,1195.28,1210.22,1195.28,0.18,-57.07,-1.023,SL,2.61,5634.41
2015-02-25 16:00:00,2015-02-26 08:15:00,SELL,SweepEQH,1205.1,1211.49,1186.74,1211.49,0.09,-58.16,-1.011,SL,1.24,5576.25
2015-03-03 02:00:00,2015-03-03 03:30:00,BUY,SweepEQL,1208.04,1204.22,1219.87,1204.22,0.15,-58.32,-1.018,SL,1.43,5517.93
2015-03-03 16:30:00,2015-03-03 17:45:00,BUY,SweepEQL,1212.21,1204.67,1233.84,1204.67,0.07,-53.25,-1.009,SL,1.43,5464.67
2015-03-13 08:30:00,2015-03-16 07:30:00,SELL,SweepEQH,1158.15,1162.13,1141.74,1162.13,0.14,-56.67,-1.018,SL,1.17,5408.0
2015-03-16 18:45:00,2015-03-17 14:45:00,BUY,SweepEQL,1154.41,1149.72,1169.23,1149.72,0.12,-57.07,-1.015,SL,1.01,5350.93
2015-03-25 16:30:00,2015-03-26 04:30:00,SELL,SweepEQH,1195.68,1199.18,1185.34,1199.18,0.15,-53.58,-1.02,SL,1.09,5297.35
2015-03-26 22:45:00,2015-03-27 03:30:00,BUY,SweepEQL,1204.84,1201.49,1219.57,1201.49,0.16,-54.7,-1.021,SL,1.01,5242.65
2015-03-27 13:00:00,2015-03-27 15:45:00,BUY,SweepEQL,1200.49,1195.27,1219.57,1195.27,0.1,-52.93,-1.013,SL,1.54,5189.72
2015-04-02 11:15:00,2015-04-06 01:00:00,SELL,SweepEQH,1202.24,1207.68,1180.74,1207.68,0.1,-55.12,-1.013,SL,2.53,5134.6
2015-04-06 13:00:00,2015-04-06 18:00:00,SELL,SweepEQH,1216.76,1223.7,1194.75,1223.7,0.07,-49.06,-1.01,SL,1.06,5085.54
2015-04-10 03:15:00,2015-04-10 11:15:00,BUY,SweepEQL,1195.98,1193.16,1203.6,1203.6,0.18,135.9,2.68,TP,0.99,5221.44
2015-04-10 14:45:00,2015-04-10 15:30:00,SELL,SweepEQH,1201.48,1204.96,1191.28,1204.96,0.15,-53.2,-1.02,SL,1.37,5168.24
2015-04-20 11:30:00,2015-04-22 17:00:00,SELL,SweepEQH,1204.75,1209.47,1188.78,1188.78,0.11,174.9,3.365,TP,0.16,5343.14
2015-04-29 15:45:00,2015-04-30 16:45:00,SELL,SweepEQH,1206.62,1214.61,1181.8,1181.8,0.07,173.25,3.099,TP,0.75,5516.39
2015-05-06 02:45:00,2015-05-06 10:45:00,BUY,SweepEQL,1195.49,1192.07,1207.22,1192.07,0.16,-55.8,-1.02,SL,1.31,5460.58
2015-05-12 07:30:00,2015-05-12 10:15:00,SELL,SweepEQH,1183.4,1184.94,1178.77,1184.94,0.35,-56.32,-1.045,SL,1.2,5404.26
2015-05-13 11:30:00,2015-05-13 14:15:00,SELL,SweepEQH,1192.97,1196.58,1182.59,1196.58,0.15,-55.2,-1.019,SL,1.5,5349.06
2015-05-27 08:30:00,2015-05-27 12:30:00,BUY,SweepEQL,1190.5,1187.43,1205.64,1187.43,0.17,-53.4,-1.023,SL,1.88,5295.66
2015-05-28 18:00:00,2015-06-03 19:45:00,BUY,SweepEQL,1189.41,1179.59,1224.05,1179.59,0.05,-49.45,-1.007,SL,1.02,5246.21
2015-06-10 07:15:00,2015-06-15 12:45:00,BUY,SweepEQL,1179.59,1174.91,1193.2,1174.91,0.11,-52.26,-1.015,SL,1.43,5193.95
2015-06-19 17:45:00,2015-06-22 16:15:00,SELL,SweepEQH,1200.03,1203.85,1187.11,1187.11,0.14,179.9,3.362,TP,0.88,5373.85
2015-06-25 05:15:00,2015-06-25 11:15:00,BUY,SweepEQL,1176.95,1174.61,1183.92,1174.61,0.23,-55.32,-1.03,SL,1.15,5318.54
2015-06-26 10:15:00,2015-06-26 16:15:00,BUY,SweepEQL,1175.4,1169.84,1194.13,1169.84,0.1,-56.32,-1.013,SL,1.24,5262.22
2015-06-26 19:45:00,2015-06-30 18:00:00,BUY,SweepEQL,1174.77,1168.12,1194.13,1168.12,0.08,-53.73,-1.011,SL,1.22,5208.49
2015-06-30 18:30:00,2015-07-02 09:00:00,BUY,SweepEQL,1172.84,1166.03,1200.02,1166.03,0.08,-55.01,-1.01,SL,1.2,5153.47
2015-07-09 12:45:00,2015-07-09 15:30:00,SELL,SweepEQH,1161.84,1166.94,1147.13,1166.94,0.1,-51.68,-1.014,SL,1.15,5101.8
2015-07-10 15:00:00,2015-07-10 19:00:00,SELL,SweepEQH,1160.96,1164.26,1151.81,1164.26,0.15,-50.55,-1.021,SL,1.2,5051.25
2015-07-14 15:15:00,2015-07-15 15:30:00,BUY,SweepEQL,1155.14,1152.56,1164.18,1152.56,0.2,-53.0,-1.027,SL,1.54,4998.24
2015-07-16 16:00:00,2015-07-17 15:30:00,BUY,SweepEQL,1146.25,1141.73,1159.75,1141.73,0.11,-50.48,-1.015,SL,1.84,4947.76
2015-07-21 09:45:00,2015-07-21 21:30:00,BUY,SweepEQL,1104.81,1100.62,1116.74,1100.62,0.12,-51.17,-1.017,SL,1.21,4896.59
2015-07-23 09:45:00,2015-07-23 10:30:00,SELL,SweepEQH,1095.82,1100.03,1069.72,1100.03,0.12,-51.33,-1.017,SL,1.76,4845.26
2015-07-29 04:00:00,2015-07-29 15:15:00,BUY,SweepEQL,1096.78,1094.42,1104.93,1094.42,0.21,-50.96,-1.03,SL,1.57,4794.3
2015-07-31 15:00:00,2015-07-31 16:15:00,BUY,SweepEQL,1083.37,1079.59,1095.4,1095.4,0.13,155.48,3.163,TP,0.28,4949.78
2015-08-07 16:30:00,2015-08-14 21:30:00,BUY,SweepEQL,1094.73,1081.84,1135.08,1113.4,0.04,74.4,1.443,time_stop,0.4,5024.18
2015-08-18 14:45:00,2015-08-19 09:45:00,SELL,SweepEQH,1118.26,1121.38,1109.31,1121.38,0.16,-51.07,-1.022,SL,1.34,4973.11
2015-08-19 14:00:00,2015-08-19 15:30:00,SELL,SweepEQH,1120.81,1124.33,1109.63,1124.33,0.14,-50.32,-1.02,SL,1.04,4922.79
2015-08-19 15:45:00,2015-08-19 16:30:00,SELL,SweepEQH,1120.4,1124.83,1101.74,1124.83,0.11,-49.48,-1.016,SL,1.59,4873.3
2015-09-03 12:00:00,2015-09-03 15:30:00,SELL,SweepEQH,1131.69,1134.55,1123.72,1123.72,0.17,134.3,2.767,TP,0.12,5007.6
2015-09-04 15:30:00,2015-09-04 15:45:00,BUY,SweepEQL,1127.23,1121.66,1147.85,1121.66,0.09,-50.72,-1.013,SL,1.16,4956.88
2015-09-09 02:30:00,2015-09-09 15:30:00,BUY,SweepEQL,1123.12,1118.37,1137.34,1118.37,0.1,-48.19,-1.015,SL,1.4,4908.69
2015-09-15 15:15:00,2015-09-17 21:45:00,BUY,SweepEQL,1109.25,1102.11,1132.86,1132.86,0.07,164.78,3.295,TP,0.99,5073.47
2015-09-22 12:00:00,2015-09-24 09:45:00,SELL,SweepEQH,1133.28,1136.85,1116.66,1136.85,0.14,-50.9,-1.02,SL,1.22,5022.58
2015-09-29 07:45:00,2015-09-29 16:30:00,SELL,SweepEQH,1131.02,1133.95,1123.43,1133.95,0.17,-50.95,-1.024,SL,1.01,4971.63
2015-10-01 14:30:00,2015-10-02 03:45:00,BUY,SweepEQL,1114.96,1112.18,1124.27,1112.18,0.18,-51.37,-1.025,SL,1.19,4920.26
2015-10-02 15:00:00,2015-10-02 15:30:00,BUY,SweepEQL,1109.24,1104.26,1124.27,1124.27,0.1,149.6,3.003,TP,0.07,5069.86
2015-10-05 19:00:00,2015-10-06 15:30:00,SELL,SweepEQH,1133.29,1142.68,1106.25,1142.68,0.05,-47.31,-1.007,SL,1.17,5022.54
2015-10-09 15:00:00,2015-10-09 17:45:00,SELL,SweepEQH,1151.03,1158.18,1130.06,1158.18,0.07,-50.52,-1.01,SL,1.09,4972.02
2015-10-15 15:30:00,2015-10-22 20:30:00,SELL,SweepEQH,1174.46,1192.24,1104.59,1165.96,0.03,25.29,0.474,time_stop,0.89,4997.31
2015-10-27 14:15:00,2015-10-27 14:45:00,BUY,SweepEQL,1167.71,1163.6,1179.29,1163.6,0.12,-50.14,-1.017,SL,1.53,4947.17
2015-10-28 01:00:00,2015-10-28 15:30:00,BUY,SweepEQL,1167.4,1163.67,1179.29,1179.29,0.13,153.66,3.167,TP,0.59,5100.83
2015-10-30 01:15:00,2015-10-30 14:00:00,BUY,SweepEQL,1147.76,1144.35,1160.43,1144.35,0.15,-52.27,-1.021,SL,1.06,5048.56
2015-11-02 04:30:00,2015-11-02 16:45:00,BUY,SweepEQL,1141.63,1133.65,1179.15,1133.65,0.06,-48.29,-1.009,SL,1.01,5000.27
2015-11-09 10:30:00,2015-11-09 12:15:00,BUY,SweepEQL,1094.66,1092.05,1109.23,1092.05,0.19,-51.01,-1.027,SL,1.25,4949.27
2015-11-10 10:45:00,2015-11-10 15:15:00,BUY,SweepEQL,1093.79,1089.64,1109.23,1089.64,0.12,-50.7,-1.017,SL,1.46,4898.57
2015-11-17 01:00:00,2015-11-17 07:30:00,BUY,SweepEQL,1084.33,1080.72,1094.32,1080.72,0.14,-51.47,-1.019,SL,1.81,4847.09
2015-11-18 06:45:00,2015-11-19 16:30:00,BUY,SweepEQL,1068.59,1064.28,1080.74,1080.74,0.11,132.88,2.802,TP,0.56,4979.97
2015-11-20 15:15:00,2015-11-23 04:30:00,SELL,SweepEQH,1082.53,1087.3,1069.18,1069.18,0.1,132.8,2.785,TP,0.31,5112.77
2015-11-25 02:15:00,2015-11-25 12:15:00,BUY,SweepEQL,1076.81,1072.3,1093.3,1072.3,0.11,-50.43,-1.016,SL,1.0,5062.35
2015-11-25 14:45:00,2015-11-25 15:30:00,BUY,SweepEQL,1074.81,1071.51,1086.86,1071.51,0.15,-50.48,-1.021,SL,1.79,5011.87
2015-11-27 08:45:00,2015-11-27 11:45:00,BUY,SweepEQL,1069.2,1066.54,1080.02,1066.54,0.19,-51.84,-1.026,SL,1.02,4960.03
2015-12-07 20:30:00,2015-12-08 16:15:00,SELL,SweepEQH,1074.35,1078.04,1060.55,1078.04,0.13,-48.89,-1.019,SL,1.13,4911.14
2015-12-10 13:15:00,2015-12-10 16:30:00,BUY,SweepEQL,1075.71,1070.76,1098.01,1070.76,0.1,-50.23,-1.014,SL,1.28,4860.91
2015-12-11 01:30:00,2015-12-11 02:15:00,BUY,SweepEQL,1072.34,1070.06,1078.16,1070.06,0.21,-49.33,-1.031,SL,1.06,4811.58
2015-12-11 22:30:00,2015-12-14 23:45:00,SELL,SweepEQH,1076.17,1079.86,1062.36,1062.36,0.13,178.62,3.729,TP,0.36,4990.2
2015-12-16 02:00:00,2015-12-16 16:45:00,BUY,SweepEQL,1062.49,1058.83,1075.06,1075.06,0.14,175.0,3.411,TP,0.15,5165.2
2016-01-04 14:00:00,2016-01-04 15:15:00,SELL,SweepEQH,1071.12,1075.02,1060.11,1075.02,0.13,-51.61,-1.018,SL,1.89,5113.59
2016-01-08 20:00:00,2016-01-11 01:00:00,SELL,SweepEQH,1098.99,1106.11,1077.91,1106.11,0.07,-50.3,-1.01,SL,1.29,5063.29
2016-01-21 19:00:00,2016-01-26 03:15:00,BUY,SweepEQL,1096.21,1091.74,1109.56,1109.56,0.11,146.08,2.972,TP,0.74,5209.37
2016-01-29 05:30:00,2016-01-29 06:15:00,SELL,SweepEQH,1111.19,1117.02,1093.97,1117.02,0.09,-53.06,-1.012,SL,1.19,5156.31
2016-01-29 10:00:00,2016-02-01 02:00:00,SELL,SweepEQH,1111.64,1118.54,1085.59,1118.54,0.07,-48.82,-1.01,SL,1.09,5107.49
2016-02-02 19:15:00,2016-02-02 20:30:00,SELL,SweepEQH,1122.71,1127.85,1108.32,1127.85,0.1,-52.12,-1.014,SL,1.03,5055.37
2016-02-11 19:45:00,2016-02-16 06:00:00,SELL,SweepEQH,1247.52,1265.05,1190.95,1190.95,0.03,169.5,3.223,TP,0.58,5224.87
2016-02-17 19:15:00,2016-02-18 17:45:00,SELL,SweepEQH,1207.68,1214.43,1181.4,1214.43,0.08,-54.57,-1.01,SL,1.11,5170.3
2016-02-25 20:30:00,2016-03-01 03:15:00,SELL,SweepEQH,1232.89,1243.65,1200.64,1243.65,0.05,-54.14,-1.007,SL,1.19,5116.17
2016-03-01 15:30:00,2016-03-02 03:00:00,SELL,SweepEQH,1242.73,1248.34,1226.15,1226.15,0.09,148.59,2.942,TP,0.46,5264.76
2016-03-03 02:15:00,2016-03-03 11:00:00,SELL,SweepEQH,1238.76,1243.5,1225.51,1243.5,0.11,-52.86,-1.015,SL,1.16,5211.9
2016-03-17 03:00:00,2016-03-17 10:00:00,SELL,SweepEQH,1257.16,1264.46,1228.38,1264.46,0.07,-51.59,-1.01,SL,1.45,5160.31
2016-04-04 11:00:00,2016-04-05 11:15:00,BUY,SweepEQL,1218.58,1214.19,1232.88,1232.88,0.12,170.76,3.243,TP,0.92,5331.07
2016-04-05 20:45:00,2016-04-06 10:15:00,BUY,SweepEQL,1229.89,1225.0,1243.99,1225.0,0.11,-54.61,-1.014,SL,1.07,5276.45
2016-04-07 10:15:00,2016-04-07 11:45:00,SELL,SweepEQH,1226.0,1232.12,1208.15,1232.12,0.09,-55.72,-1.011,SL,1.62,5220.73
2016-04-07 19:45:00,2016-04-11 01:00:00,SELL,SweepEQH,1236.53,1243.84,1214.56,1243.84,0.07,-51.65,-1.01,SL,1.26,5169.09
2016-04-18 16:45:00,2016-04-19 09:45:00,SELL,SweepEQH,1233.5,1241.66,1208.15,1241.66,0.06,-49.39,-1.009,SL,1.55,5119.7
2016-04-20 21:45:00,2016-04-21 09:15:00,SELL,SweepEQH,1250.4,1256.71,1231.85,1256.71,0.08,-51.02,-1.011,SL,1.36,5068.68
2016-05-03 21:15:00,2016-05-06 15:30:00,SELL,SweepEQH,1284.79,1291.47,1264.91,1291.47,0.08,-53.99,-1.01,SL,1.43,5014.69
2016-05-16 17:15:00,2016-05-19 08:45:00,SELL,SweepEQH,1279.96,1289.26,1252.96,1252.96,0.05,134.65,2.897,TP,0.25,5149.34
2016-05-25 18:15:00,2016-05-27 05:00:00,BUY,SweepEQL,1223.82,1217.02,1243.2,1217.02,0.08,-54.93,-1.01,SL,1.18,5094.41
2016-05-27 08:15:00,2016-05-27 18:00:00,BUY,SweepEQL,1219.9,1210.89,1246.29,1210.89,0.06,-54.45,-1.008,SL,1.06,5039.96
2016-05-31 22:30:00,2016-06-01 04:00:00,SELL,SweepEQH,1215.81,1218.53,1208.26,1218.53,0.19,-53.04,-1.026,SL,1.3,4986.92
2016-06-02 15:15:00,2016-06-03 15:30:00,SELL,SweepEQH,1214.05,1217.93,1201.88,1217.93,0.13,-51.39,-1.018,SL,5.61,4935.54
2016-06-13 03:45:00,2016-06-13 08:45:00,SELL,SweepEQH,1275.64,1278.67,1265.77,1278.67,0.16,-49.62,-1.023,SL,2.51,4885.92
2016-06-14 18:15:00,2016-06-15 21:00:00,SELL,SweepEQH,1281.85,1290.54,1256.74,1290.54,0.06,-52.58,-1.008,SL,1.41,4833.33
2016-06-20 10:30:00,2016-06-20 13:45:00,BUY,SweepEQL,1286.45,1279.73,1315.54,1279.73,0.07,-47.52,-1.01,SL,1.04,4785.81
2016-06-20 17:45:00,2016-06-21 14:00:00,BUY,SweepEQL,1286.73,1277.18,1315.54,1277.18,0.05,-48.1,-1.007,SL,1.82,4737.7
2016-06-23 04:00:00,2016-06-23 13:30:00,BUY,SweepEQL,1263.96,1258.81,1283.2,1258.81,0.09,-47.02,-1.014,SL,1.25,4690.69
2016-06-28 16:45:00,2016-06-29 05:00:00,SELL,SweepEQH,1310.64,1320.29,1264.07,1320.29,0.05,-48.61,-1.007,SL,1.04,4642.07
2016-06-30 04:00:00,2016-06-30 10:00:00,BUY,SweepEQL,1316.71,1313.83,1326.52,1313.83,0.16,-47.13,-1.024,SL,1.38,4594.94
2016-06-30 22:00:00,2016-07-06 01:30:00,BUY,SweepEQL,1321.89,1313.87,1358.25,1358.25,0.06,217.74,4.527,TP,0.18,4812.68
2016-07-12 12:15:00,2016-07-12 18:45:00,SELL,SweepEQH,1352.55,1357.91,1335.17,1335.17,0.09,155.79,3.228,TP,0.2,4968.47
2016-07-18 16:00:00,2016-07-20 13:45:00,BUY,SweepEQL,1329.86,1322.88,1353.62,1322.88,0.07,-49.32,-1.01,SL,1.18,4919.15
2016-07-21 15:15:00,2016-07-21 16:15:00,BUY,SweepEQL,1321.01,1316.79,1333.64,1316.79,0.12,-51.49,-1.017,SL,1.54,4867.66
2016-07-21 17:15:00,2016-07-25 04:00:00,BUY,SweepEQL,1323.71,1313.79,1357.59,1313.79,0.05,-49.95,-1.007,SL,1.03,4817.71
2016-08-01 23:30:00,2016-08-02 10:00:00,SELL,SweepEQH,1352.21,1355.12,1339.3,1355.12,0.17,-50.7,-1.024,SL,1.73,4767.01
2016-08-04 05:30:00,2016-08-04 14:00:00,SELL,SweepEQH,1353.14,1359.58,1333.9,1359.58,0.07,-45.59,-1.011,SL,1.4,4721.42
2016-08-11 13:00:00,2016-08-11 16:00:00,SELL,SweepEQH,1343.88,1347.59,1330.84,1347.59,0.13,-49.15,-1.019,SL,1.26,4672.27
2016-08-11 20:00:00,2016-08-12 15:30:00,SELL,SweepEQH,1343.53,1353.86,1313.69,1353.86,0.05,-51.98,-1.007,SL,1.16,4620.29
2016-08-15 17:30:00,2016-08-22 01:00:00,BUY,SweepEQL,1342.13,1335.09,1362.43,1335.09,0.07,-49.74,-1.01,SL,1.03,4570.55
2016-08-23 03:15:00,2016-08-23 05:15:00,BUY,SweepEQL,1339.49,1335.71,1351.1,1335.71,0.12,-46.15,-1.019,SL,1.12,4524.4
2016-09-02 03:00:00,2016-09-02 08:45:00,BUY,SweepEQL,1315.0,1312.18,1323.96,1312.18,0.16,-46.31,-1.025,SL,1.02,4478.09
2016-09-15 16:00:00,2016-09-21 15:30:00,SELL,SweepEQH,1318.2,1328.51,1250.34,1328.51,0.04,-41.52,-1.007,SL,1.11,4436.57
2016-09-23 16:00:00,2016-09-26 16:00:00,SELL,SweepEQH,1336.19,1339.9,1319.98,1339.9,0.12,-45.41,-1.019,SL,1.57,4391.16
2016-09-27 04:45:00,2016-09-28 18:00:00,SELL,SweepEQH,1335.75,1339.74,1319.98,1319.98,0.11,172.7,3.931,TP,0.51,4563.86
2016-09-28 20:45:00,2016-09-29 15:30:00,BUY,SweepEQL,1322.76,1317.42,1337.8,1317.42,0.09,-48.66,-1.013,SL,1.2,4515.2
2016-10-03 10:00:00,2016-10-03 15:45:00,BUY,SweepEQL,1315.82,1313.75,1327.97,1313.75,0.22,-47.15,-1.034,SL,1.48,4468.05
2016-10-07 01:45:00,2016-10-07 18:30:00,BUY,SweepEQL,1255.83,1249.41,1274.57,1249.41,0.07,-45.4,-1.011,SL,2.26,4422.65
2016-10-13 13:00:00,2016-10-13 15:15:00,BUY,SweepEQL,1260.26,1256.36,1277.05,1256.36,0.11,-43.62,-1.018,SL,1.09,4379.02
2016-10-13 20:45:00,2016-10-14 06:00:00,BUY,SweepEQL,1258.06,1255.4,1265.28,1255.4,0.16,-43.72,-1.026,SL,1.0,4335.31
2016-10-18 03:00:00,2016-10-19 12:30:00,BUY,SweepEQL,1256.69,1253.29,1268.04,1268.04,0.13,146.64,3.319,TP,0.34,4481.95
2016-10-24 19:45:00,2016-10-28 20:30:00,BUY,SweepEQL,1263.81,1259.76,1277.05,1277.05,0.11,144.87,3.251,TP,0.48,4626.82
2016-11-08 16:45:00,2016-11-08 18:15:00,BUY,SweepEQL,1282.37,1278.36,1295.77,1278.36,0.12,-48.94,-1.017,SL,1.17,4577.88
2016-11-15 09:00:00,2016-11-15 11:45:00,BUY,SweepEQL,1228.65,1222.95,1261.68,1222.95,0.08,-46.13,-1.012,SL,1.1,4531.75
2016-11-16 16:15:00,2016-11-17 19:45:00,BUY,SweepEQL,1230.0,1220.76,1261.68,1220.76,0.05,-46.53,-1.008,SL,1.27,4485.22
2016-11-17 22:45:00,2016-11-18 03:30:00,BUY,SweepEQL,1218.49,1210.01,1261.68,1210.01,0.05,-42.75,-1.008,SL,1.5,4442.46
2016-11-21 02:30:00,2016-11-23 15:15:00,BUY,SweepEQL,1209.42,1205.08,1227.47,1205.08,0.1,-44.11,-1.016,SL,1.88,4398.35
2016-11-24 11:30:00,2016-11-25 03:00:00,BUY,SweepEQL,1188.29,1179.56,1213.47,1179.56,0.05,-44.01,-1.008,SL,2.08,4354.34
2016-11-28 17:15:00,2016-11-29 15:30:00,BUY,SweepEQL,1190.46,1182.13,1214.87,1182.13,0.05,-42.0,-1.008,SL,1.09,4312.34
2016-11-30 05:15:00,2016-12-01 03:15:00,SELL,SweepEQH,1188.91,1195.29,1170.11,1170.11,0.07,131.11,2.935,TP,0.34,4443.45
2016-12-05 19:30:00,2016-12-09 21:30:00,BUY,SweepEQL,1169.64,1156.18,1214.87,1156.18,0.03,-40.58,-1.005,SL,1.0,4402.86
2016-12-15 20:45:00,2016-12-23 02:45:00,BUY,SweepEQL,1131.09,1121.98,1162.26,1128.81,0.05,-11.75,-0.258,time_stop,0.6,4391.11
2016-12-23 03:00:00,2016-12-23 23:15:00,BUY,SweepEQL,1129.88,1127.17,1137.03,1127.17,0.16,-44.44,-1.026,SL,1.15,4346.68
2016-12-29 02:00:00,2017-01-04 11:00:00,BUY,SweepEQL,1143.97,1139.69,1165.72,1165.72,0.1,216.8,5.07,TP,0.23,4563.48
2017-01-06 07:00:00,2017-01-06 15:30:00,SELL,SweepEQH,1176.36,1182.23,1159.67,1182.23,0.08,-47.5,-1.012,SL,1.12,4515.98
2017-01-06 15:45:00,2017-01-09 18:30:00,SELL,SweepEQH,1173.31,1183.51,1140.03,1183.51,0.04,-41.1,-1.007,SL,1.03,4474.88
2017-01-11 03:00:00,2017-01-11 08:00:00,SELL,SweepEQH,1185.6,1189.26,1175.33,1189.26,0.12,-44.72,-1.019,SL,1.05,4430.16
2017-01-13 15:45:00,2017-01-16 01:30:00,SELL,SweepEQH,1196.06,1201.69,1180.1,1201.69,0.08,-45.58,-1.012,SL,1.6,4384.58
2017-01-18 03:15:00,2017-01-18 22:15:00,SELL,SweepEQH,1213.86,1217.77,1203.28,1203.28,0.11,115.61,2.687,TP,0.66,4500.19
2017-01-24 18:00:00,2017-01-25 16:15:00,SELL,SweepEQH,1212.81,1218.11,1197.71,1197.71,0.08,120.24,2.836,TP,0.18,4620.43
2017-01-25 18:30:00,2017-01-26 11:45:00,BUY,SweepEQL,1200.3,1192.53,1232.96,1192.53,0.06,-47.04,-1.009,SL,1.12,4573.39
2017-01-27 16:00:00,2017-01-31 16:15:00,BUY,SweepEQL,1187.46,1179.86,1209.45,1209.45,0.06,131.52,2.883,TP,0.46,4704.91
2017-01-31 19:30:00,2017-02-02 05:30:00,SELL,SweepEQH,1208.88,1216.05,1188.2,1216.05,0.07,-50.66,-1.01,SL,1.0,4654.25
2017-02-06 04:45:00,2017-02-06 13:15:00,SELL,SweepEQH,1222.69,1225.36,1214.62,1225.36,0.17,-46.63,-1.026,SL,1.46,4607.62
2017-02-09 13:15:00,2017-02-09 16:45:00,SELL,SweepEQH,1238.05,1244.15,1219.11,1244.15,0.08,-49.36,-1.011,SL,1.05,4558.25
2017-02-13 01:30:00,2017-02-16 10:45:00,SELL,SweepEQH,1229.46,1237.47,1201.69,1237.47,0.06,-48.46,-1.009,SL,1.09,4509.79
2017-02-16 19:15:00,2017-02-17 14:00:00,SELL,SweepEQH,1237.93,1242.81,1223.97,1242.81,0.09,-44.53,-1.014,SL,1.18,4465.26
2017-03-02 07:30:00,2017-03-02 15:30:00,SELL,SweepEQH,1245.56,1247.09,1237.11,1237.11,0.29,243.02,5.491,TP,0.59,4708.28
2017-03-02 22:00:00,2017-03-03 07:45:00,BUY,SweepEQL,1234.84,1230.38,1247.96,1230.38,0.11,-49.78,-1.016,SL,1.05,4658.5
2017-03-06 10:15:00,2017-03-06 12:15:00,BUY,SweepEQL,1234.77,1230.96,1245.23,1230.96,0.12,-46.51,-1.018,SL,1.04,4611.99
2017-03-09 14:15:00,2017-03-09 18:00:00,BUY,SweepEQL,1206.49,1202.81,1218.09,1202.81,0.13,-48.7,-1.019,SL,1.38,4563.3
2017-03-13 17:15:00,2017-03-14 01:00:00,BUY,SweepEQL,1205.86,1201.98,1218.09,1201.98,0.12,-47.45,-1.018,SL,1.07,4515.85
2017-03-14 10:45:00,2017-03-14 21:00:00,BUY,SweepEQL,1204.02,1200.26,1214.51,1200.26,0.12,-46.0,-1.019,SL,1.8,4469.84
2017-03-22 11:45:00,2017-03-22 16:00:00,SELL,SweepEQH,1245.68,1249.37,1231.35,1249.37,0.12,-45.08,-1.019,SL,1.27,4424.76
2017-03-24 22:00:00,2017-03-27 01:00:00,SELL,SweepEQH,1245.72,1252.19,1226.82,1252.19,0.07,-45.75,-1.011,SL,1.14,4379.01
2017-03-28 19:00:00,2017-04-04 11:00:00,SELL,SweepEQH,1253.45,1258.82,1231.35,1258.82,0.08,-43.56,-1.013,SL,1.22,4335.45
2017-04-05 12:15:00,2017-04-06 02:30:00,SELL,SweepEQH,1252.26,1257.51,1228.29,1257.51,0.08,-42.56,-1.013,SL,1.25,4292.89
2017-04-11 12:00:00,2017-04-11 15:15:00,SELL,SweepEQH,1255.75,1259.01,1247.08,1259.01,0.13,-43.33,-1.021,SL,1.45,4249.56
2017-04-12 05:45:00,2017-04-12 22:15:00,SELL,SweepEQH,1274.43,1280.13,1256.97,1280.13,0.07,-40.41,-1.012,SL,1.6,4209.15
2017-04-17 04:00:00,2017-04-24 01:00:00,SELL,SweepEQH,1291.62,1295.92,1272.46,1272.46,0.1,190.9,4.437,TP,0.28,4400.05
2017-04-26 18:45:00,2017-04-26 20:30:00,BUY,SweepEQL,1265.13,1260.74,1278.05,1260.74,0.1,-44.61,-1.016,SL,1.17,4355.44
2017-04-28 18:00:00,2017-05-01 04:30:00,BUY,SweepEQL,1268.04,1263.54,1285.93,1263.54,0.1,-45.65,-1.016,SL,1.4,4309.79
2017-05-01 22:15:00,2017-05-02 15:00:00,BUY,SweepEQL,1257.62,1253.69,1268.42,1253.69,0.11,-44.01,-1.018,SL,1.1,4265.77
2017-05-08 02:30:00,2017-05-09 09:15:00,BUY,SweepEQL,1233.17,1224.58,1257.85,1224.58,0.05,-43.29,-1.008,SL,1.09,4222.49
2017-05-09 09:45:00,2017-05-09 15:00:00,BUY,SweepEQL,1228.14,1223.42,1241.22,1223.42,0.09,-43.07,-1.015,SL,1.19,4179.42
2017-05-10 22:15:00,2017-05-11 03:00:00,BUY,SweepEQL,1219.82,1217.18,1228.32,1217.18,0.16,-43.38,-1.027,SL,1.1,4136.04
2017-05-11 16:45:00,2017-05-15 15:00:00,BUY,SweepEQL,1223.65,1219.68,1234.37,1234.37,0.1,106.5,2.684,TP,0.27,4242.54
2017-05-18 14:30:00,2017-05-25 19:30:00,SELL,SweepEQH,1259.46,1265.59,1242.04,1255.6,0.07,26.53,0.618,time_stop,0.69,4269.07
2017-05-29 16:30:00,2017-05-30 04:00:00,SELL,SweepEQH,1265.09,1267.99,1256.94,1267.99,0.15,-44.48,-1.024,SL,1.82,4224.59
2017-05-30 06:15:00,2017-05-30 15:15:00,SELL,SweepEQH,1268.3,1270.69,1260.93,1260.93,0.18,131.4,3.057,TP,0.25,4355.99
2017-05-30 17:45:00,2017-05-31 13:15:00,SELL,SweepEQH,1261.47,1265.12,1251.2,1265.12,0.12,-44.67,-1.019,SL,1.02,4311.32
2017-06-01 23:30:00,2017-06-02 15:30:00,SELL,SweepEQH,1265.2,1269.2,1254.04,1269.2,0.11,-44.74,-1.018,SL,1.63,4266.57
2017-06-12 11:15:00,2017-06-12 15:45:00,BUY,SweepEQL,1269.0,1265.22,1280.11,1265.22,0.11,-42.35,-1.019,SL,1.35,4224.23
2017-06-19 01:45:00,2017-06-19 04:00:00,BUY,SweepEQL,1255.16,1252.81,1262.95,1252.81,0.18,-43.5,-1.03,SL,1.26,4180.72
2017-06-20 04:00:00,2017-06-20 16:45:00,BUY,SweepEQL,1245.43,1242.58,1253.39,1242.58,0.15,-43.73,-1.025,SL,1.35,4136.99
2017-06-21 12:30:00,2017-06-21 15:00:00,BUY,SweepEQL,1246.91,1244.46,1253.39,1244.46,0.17,-42.77,-1.029,SL,1.1,4094.22
2017-06-22 15:15:00,2017-06-22 20:15:00,BUY,SweepEQL,1252.95,1249.0,1266.64,1249.0,0.1,-40.21,-1.018,SL,1.18,4054.01
2017-06-30 08:00:00,2017-07-03 06:30:00,SELL,SweepEQH,1245.38,1248.43,1236.72,1236.72,0.13,111.67,2.819,TP,0.32,4165.68
2017-07-06 03:00:00,2017-07-07 16:30:00,SELL,SweepEQH,1224.85,1228.74,1214.23,1214.23,0.11,116.05,2.713,TP,0.89,4281.73
2017-07-11 15:00:00,2017-07-11 17:15:00,BUY,SweepEQL,1211.93,1208.88,1228.34,1208.88,0.14,-43.64,-1.023,SL,1.25,4238.09
2017-07-12 15:30:00,2017-07-19 20:30:00,BUY,SweepEQL,1221.48,1212.94,1248.15,1242.35,0.05,104.0,2.436,time_stop,0.79,4342.09
2017-07-20 04:00:00,2017-07-20 17:30:00,SELL,SweepEQH,1239.52,1242.66,1229.3,1242.66,0.14,-44.93,-1.022,SL,2.16,4297.16
2017-07-24 17:45:00,2017-07-26 22:00:00,SELL,SweepEQH,1254.57,1259.1,1237.41,1259.1,0.09,-41.38,-1.015,SL,1.96,4255.78
2017-07-31 20:00:00,2017-07-31 22:00:00,SELL,SweepEQH,1266.65,1270.04,1257.29,1270.04,0.13,-44.92,-1.021,SL,1.04,4210.86
2017-08-09 13:00:00,2017-08-09 14:45:00,SELL,SweepEQH,1266.93,1269.38,1253.77,1269.38,0.17,-42.92,-1.029,SL,1.22,4167.94
2017-08-14 07:00:00,2017-08-15 04:00:00,SELL,SweepEQH,1286.4,1289.7,1276.47,1276.47,0.13,128.18,2.985,TP,0.32,4296.12
2017-08-17 11:15:00,2017-08-18 10:00:00,SELL,SweepEQH,1286.42,1290.42,1275.54,1290.42,0.11,-44.82,-1.017,SL,2.09,4251.29
2017-08-24 14:45:00,2017-08-25 16:30:00,BUY,SweepEQL,1287.7,1284.1,1300.74,1284.1,0.12,-44.04,-1.019,SL,3.15,4207.26
2017-09-01 17:00:00,2017-09-04 01:00:00,SELL,SweepEQH,1317.13,1329.73,1276.37,1329.73,0.03,-38.01,-1.006,SL,1.56,4169.24
2017-09-04 11:45:00,2017-09-05 21:15:00,SELL,SweepEQH,1335.66,1340.25,1322.13,1340.25,0.09,-41.97,-1.015,SL,1.34,4127.27
2017-09-19 06:00:00,2017-09-19 19:30:00,BUY,SweepEQL,1309.62,1305.86,1321.56,1305.86,0.11,-42.1,-1.019,SL,1.09,4085.17
2017-10-03 03:15:00,2017-10-03 04:15:00,BUY,SweepEQL,1272.36,1269.31,1284.26,1269.31,0.13,-40.6,-1.023,SL,1.2,4044.57
2017-10-06 01:15:00,2017-10-06 15:30:00,BUY,SweepEQL,1269.31,1265.77,1278.92,1265.77,0.11,-39.73,-1.02,SL,1.51,4004.83
2017-10-30 12:30:00,2017-10-31 16:00:00,BUY,SweepEQL,1272.02,1268.53,1282.38,1268.53,0.11,-39.16,-1.02,SL,1.29,3965.68
2017-11-03 14:30:00,2017-11-03 16:30:00,BUY,SweepEQL,1277.72,1273.01,1290.9,1273.01,0.08,-38.24,-1.015,SL,1.73,3927.43
2017-11-07 17:00:00,2017-11-08 12:00:00,SELL,SweepEQH,1275.17,1280.37,1260.54,1280.37,0.08,-42.15,-1.013,SL,1.09,3885.28
2017-11-09 23:15:00,2017-11-10 18:15:00,SELL,SweepEQH,1285.05,1288.6,1275.16,1275.16,0.11,108.02,2.769,TP,0.53,3993.3
2017-11-13 22:00:00,2017-11-14 10:00:00,SELL,SweepEQH,1277.83,1279.82,1271.71,1271.71,0.2,121.0,3.033,TP,0.26,4114.3
2017-11-21 01:00:00,2017-11-22 21:15:00,BUY,SweepEQL,1278.38,1274.16,1293.44,1293.44,0.1,149.9,3.553,TP,0.52,4264.2
2017-11-23 01:00:00,2017-11-27 12:00:00,SELL,SweepEQH,1290.21,1294.85,1276.18,1294.85,0.09,-42.39,-1.015,SL,1.05,4221.81
2017-11-28 20:00:00,2017-11-30 15:30:00,SELL,SweepEQH,1292.69,1297.85,1276.18,1276.18,0.08,131.52,3.183,TP,0.75,4353.33
2017-12-08 15:30:00,2017-12-11 21:15:00,BUY,SweepEQL,1248.88,1243.22,1264.86,1243.22,0.08,-45.82,-1.012,SL,1.34,4307.51
2017-12-13 03:00:00,2017-12-13 05:30:00,SELL,SweepEQH,1242.61,1245.02,1236.37,1245.02,0.18,-44.68,-1.029,SL,1.04,4262.83
2017-12-20 22:00:00,2017-12-21 03:45:00,SELL,SweepEQH,1264.35,1267.95,1254.4,1267.95,0.12,-44.03,-1.019,SL,1.05,4218.8
2017-12-22 15:15:00,2017-12-22 16:00:00,SELL,SweepEQH,1267.78,1269.26,1264.14,1269.26,0.29,-44.9,-1.047,SL,1.65,4173.9
2018-01-09 16:30:00,2018-01-10 12:00:00,SELL,SweepEQH,1309.27,1316.24,1288.58,1316.24,0.06,-42.26,-1.01,SL,1.12,4131.64
2018-01-10 15:30:00,2018-01-12 02:00:00,SELL,SweepEQH,1320.6,1324.11,1309.0,1324.11,0.12,-43.0,-1.02,SL,1.02,4088.63
2018-01-17 05:00:00,2018-01-24 08:30:00,SELL,SweepEQH,1337.7,1343.16,1322.08,1343.16,0.07,-38.69,-1.013,SL,1.06,4049.94
2018-01-31 05:00:00,2018-01-31 21:15:00,BUY,SweepEQL,1339.8,1336.12,1349.67,1336.12,0.11,-41.25,-1.019,SL,1.92,4008.69
2018-02-02 09:00:00,2018-02-02 11:45:00,BUY,SweepEQL,1349.06,1345.9,1365.92,1345.9,0.13,-41.99,-1.022,SL,1.18,3966.7
2018-02-05 07:30:00,2018-02-06 17:00:00,BUY,SweepEQL,1332.53,1328.73,1346.98,1328.73,0.1,-38.71,-1.018,SL,1.07,3928.0
2018-02-08 15:15:00,2018-02-14 17:00:00,BUY,SweepEQL,1314.23,1306.47,1337.72,1337.72,0.05,117.1,3.019,TP,0.4,4045.1
2018-02-20 01:45:00,2018-02-27 06:45:00,SELL,SweepEQH,1345.01,1348.91,1316.97,1332.16,0.1,127.8,3.279,time_stop,0.38,4172.9
2018-03-07 20:30:00,2018-03-08 16:30:00,BUY,SweepEQL,1327.16,1322.15,1341.0,1322.15,0.08,-40.62,-1.014,SL,1.08,4132.27
2018-03-13 14:15:00,2018-03-13 14:30:00,SELL,SweepEQH,1317.01,1319.87,1302.76,1319.87,0.14,-40.96,-1.025,SL,3.23,4091.32
2018-03-20 17:15:00,2018-03-21 21:00:00,BUY,SweepEQL,1312.83,1306.62,1333.8,1333.8,0.07,146.3,3.365,TP,0.56,4237.62
2018-03-27 11:30:00,2018-03-28 16:45:00,SELL,SweepEQH,1351.22,1357.24,1331.74,1331.74,0.07,135.87,3.226,TP,0.15,4373.49
2018-03-29 21:00:00,2018-04-02 16:15:00,BUY,SweepEQL,1324.58,1320.87,1336.3,1336.3,0.12,139.8,3.141,TP,0.39,4513.29
2018-04-03 19:15:00,2018-04-05 07:00:00,BUY,SweepEQL,1334.06,1328.66,1356.84,1328.66,0.08,-43.72,-1.013,SL,1.02,4469.56
2018-04-05 13:15:00,2018-04-05 16:15:00,BUY,SweepEQL,1328.53,1324.15,1348.22,1324.15,0.1,-44.54,-1.016,SL,1.3,4425.03
2018-04-13 01:00:00,2018-04-13 14:00:00,BUY,SweepEQL,1336.17,1333.41,1345.56,1333.41,0.16,-45.31,-1.025,SL,1.13,4379.71
2018-04-17 08:45:00,2018-04-17 10:45:00,BUY,SweepEQL,1346.31,1343.49,1358.56,1343.49,0.16,-46.26,-1.025,SL,1.78,4333.45
2018-04-20 09:15:00,2018-04-20 10:30:00,BUY,SweepEQL,1343.9,1340.98,1352.5,1340.98,0.15,-44.8,-1.024,SL,1.21,4288.65
2018-04-26 13:45:00,2018-04-26 17:00:00,BUY,SweepEQL,1324.96,1321.04,1336.32,1321.04,0.11,-43.89,-1.018,SL,1.35,4244.76
2018-04-27 10:45:00,2018-04-30 14:00:00,BUY,SweepEQL,1317.77,1315.12,1325.76,1315.12,0.16,-43.55,-1.026,SL,1.37,4201.21
2018-05-03 21:30:00,2018-05-04 10:00:00,BUY,SweepEQL,1314.91,1310.34,1332.64,1310.34,0.09,-41.78,-1.015,SL,1.15,4159.43
2018-05-04 20:15:00,2018-05-08 16:30:00,BUY,SweepEQL,1314.44,1307.48,1335.43,1307.48,0.06,-42.2,-1.01,SL,1.19,4117.23
2018-05-09 13:45:00,2018-05-11 12:45:00,BUY,SweepEQL,1309.1,1303.93,1324.88,1324.88,0.08,125.68,3.039,TP,0.26,4242.91
2018-05-24 08:30:00,2018-05-24 09:45:00,SELL,SweepEQH,1293.8,1296.36,1287.02,1296.36,0.17,-44.75,-1.027,SL,1.05,4198.17
2018-05-28 16:00:00,2018-05-29 03:45:00,SELL,SweepEQH,1296.91,1300.58,1283.81,1300.58,0.11,-41.15,-1.019,SL,1.19,4157.01
2018-05-31 05:00:00,2018-05-31 09:15:00,SELL,SweepEQH,1300.94,1305.08,1288.94,1305.08,0.1,-42.14,-1.017,SL,1.29,4114.87
2018-06-08 10:45:00,2018-06-15 15:45:00,BUY,SweepEQL,1298.67,1291.62,1321.19,1292.27,0.06,-38.82,-0.917,time_stop,0.97,4076.05
2018-06-21 15:30:00,2018-06-26 10:45:00,BUY,SweepEQL,1265.06,1260.89,1276.38,1260.89,0.1,-42.39,-1.017,SL,1.1,4033.66
2018-06-29 19:45:00,2018-07-02 09:00:00,BUY,SweepEQL,1255.61,1248.09,1277.46,1248.09,0.05,-37.93,-1.009,SL,1.03,3995.73
2018-07-10 04:00:00,2018-07-10 08:30:00,BUY,SweepEQL,1259.75,1257.4,1265.84,1257.4,0.17,-41.08,-1.03,SL,1.11,3954.64
2018-07-11 03:45:00,2018-07-13 14:45:00,SELL,SweepEQH,1253.03,1257.14,1237.82,1237.82,0.1,151.4,3.68,TP,0.08,4106.04
2018-07-16 20:45:00,2018-07-17 04:15:00,BUY,SweepEQL,1240.69,1238.64,1246.52,1238.64,0.2,-42.35,-1.034,SL,1.59,4063.7
2018-07-20 03:30:00,2018-07-20 10:00:00,SELL,SweepEQH,1221.47,1224.32,1211.45,1224.32,0.14,-40.93,-1.025,SL,1.11,4022.77
2018-07-27 15:15:00,2018-07-31 16:00:00,BUY,SweepEQL,1221.11,1217.2,1231.67,1217.2,0.1,-39.82,-1.018,SL,1.48,3982.95
2018-08-02 15:30:00,2018-08-02 20:00:00,BUY,SweepEQL,1217.04,1212.78,1230.53,1212.78,0.09,-38.97,-1.016,SL,1.22,3943.98
2018-08-10 12:00:00,2018-08-13 10:30:00,BUY,SweepEQL,1210.33,1205.27,1224.68,1205.27,0.08,-41.01,-1.014,SL,1.35,3902.97
2018-08-14 22:00:00,2018-08-15 03:45:00,BUY,SweepEQL,1194.79,1191.73,1202.87,1191.73,0.13,-40.7,-1.023,SL,1.03,3862.27
2018-08-20 19:00:00,2018-08-23 22:00:00,BUY,SweepEQL,1188.18,1184.24,1202.87,1184.24,0.1,-40.12,-1.018,SL,1.11,3822.15
2018-08-31 14:15:00,2018-09-07 23:15:00,SELL,SweepEQH,1203.28,1209.15,1184.63,1196.42,0.07,47.53,1.156,time_stop,0.62,3869.68
2018-09-10 09:15:00,2018-09-11 15:30:00,BUY,SweepEQL,1193.84,1191.35,1200.23,1191.35,0.16,-40.94,-1.028,SL,2.47,3828.74
2018-09-19 18:00:00,2018-09-21 15:30:00,BUY,SweepEQL,1204.77,1200.46,1217.85,1200.46,0.09,-39.39,-1.016,SL,1.72,3789.35
2018-09-24 11:15:00,2018-09-26 16:30:00,BUY,SweepEQL,1199.06,1194.02,1214.21,1194.02,0.08,-40.85,-1.014,SL,1.04,3748.5
2018-09-28 12:45:00,2018-10-02 15:45:00,BUY,SweepEQL,1184.82,1180.38,1197.34,1197.34,0.08,99.6,2.807,TP,0.71,3848.1
2018-10-04 13:45:00,2018-10-04 14:45:00,SELL,SweepEQH,1198.26,1201.18,1190.06,1201.18,0.13,-38.93,-1.024,SL,1.58,3809.16
2018-10-08 17:00:00,2018-10-08 18:15:00,BUY,SweepEQL,1189.42,1183.45,1206.74,1183.45,0.06,-36.21,-1.012,SL,1.02,3772.95
2018-10-09 17:15:00,2018-10-11 15:30:00,BUY,SweepEQL,1188.42,1182.66,1205.76,1205.76,0.07,120.89,2.999,TP,0.55,3893.84
2018-10-16 17:45:00,2018-10-23 11:00:00,SELL,SweepEQH,1228.58,1232.86,1215.8,1232.86,0.09,-39.19,-1.016,SL,1.33,3854.65
2018-10-26 09:45:00,2018-10-26 10:00:00,SELL,SweepEQH,1230.95,1233.68,1223.87,1233.68,0.14,-39.18,-1.026,SL,1.11,3815.48
2018-11-07 03:15:00,2018-11-07 10:15:00,SELL,SweepEQH,1225.64,1232.59,1191.22,1232.59,0.05,-35.12,-1.01,SL,1.01,3780.35
2018-11-07 13:45:00,2018-11-09 15:00:00,SELL,SweepEQH,1232.46,1236.81,1217.45,1217.45,0.09,134.46,3.432,TP,0.15,3914.81
2018-11-20 11:45:00,2018-11-20 14:15:00,SELL,SweepEQH,1221.78,1226.27,1207.66,1226.27,0.09,-41.0,-1.016,SL,1.05,3873.82
2018-11-28 08:15:00,2018-11-28 10:15:00,BUY,SweepEQL,1215.08,1212.44,1225.21,1212.44,0.15,-40.71,-1.026,SL,1.03,3833.11
2018-11-28 22:30:00,2018-11-29 12:15:00,SELL,SweepEQH,1220.31,1227.22,1197.64,1227.22,0.06,-41.85,-1.01,SL,1.01,3791.26
2018-11-29 18:15:00,2018-12-03 09:00:00,SELL,SweepEQH,1224.63,1229.43,1211.15,1229.43,0.08,-38.98,-1.015,SL,1.12,3752.28
2018-12-11 12:30:00,2018-12-11 14:15:00,SELL,SweepEQH,1247.05,1248.43,1243.56,1248.43,0.27,-39.27,-1.051,SL,1.19,3713.01
2018-12-18 01:00:00,2018-12-18 04:00:00,SELL,SweepEQH,1244.99,1248.0,1236.38,1248.0,0.12,-36.94,-1.023,SL,1.05,3676.07
2018-12-18 08:45:00,2018-12-18 11:30:00,SELL,SweepEQH,1244.97,1249.1,1232.89,1249.1,0.09,-37.79,-1.017,SL,1.0,3638.28
2018-12-24 11:30:00,2018-12-24 16:30:00,SELL,SweepEQH,1262.0,1265.64,1249.29,1265.64,0.1,-37.06,-1.019,SL,1.1,3601.22
2019-01-07 17:15:00,2019-01-10 05:00:00,SELL,SweepEQH,1289.34,1295.44,1270.66,1295.44,0.06,-37.04,-1.011,SL,1.18,3564.18
2019-01-15 02:00:00,2019-01-15 03:30:00,SELL,SweepEQH,1290.85,1292.63,1286.03,1292.63,0.2,-36.96,-1.039,SL,1.07,3527.22
2019-01-17 01:45:00,2019-01-17 03:00:00,SELL,SweepEQH,1292.61,1294.11,1287.78,1294.11,0.23,-36.19,-1.047,SL,1.25,3491.03
2019-01-17 05:15:00,2019-01-21 10:45:00,SELL,SweepEQH,1291.8,1295.54,1280.01,1280.01,0.09,105.48,3.13,TP,0.84,3596.51
2019-01-24 15:45:00,2019-01-25 16:30:00,BUY,SweepEQL,1280.74,1276.36,1293.22,1293.22,0.08,99.28,2.831,TP,0.33,3695.79
2019-01-29 16:30:00,2019-01-29 21:15:00,SELL,SweepEQH,1306.69,1311.85,1283.4,1311.85,0.07,-36.58,-1.014,SL,1.01,3659.22
2019-02-01 15:45:00,2019-02-06 22:15:00,SELL,SweepEQH,1319.61,1323.83,1306.11,1306.11,0.09,120.87,3.186,TP,0.88,3780.09
2019-02-11 03:00:00,2019-02-11 05:00:00,BUY,SweepEQL,1314.53,1311.99,1323.44,1311.99,0.15,-39.1,-1.028,SL,1.31,3740.98
2019-02-11 17:15:00,2019-02-14 14:45:00,BUY,SweepEQL,1308.4,1303.16,1323.44,1303.16,0.07,-37.15,-1.013,SL,1.16,3703.84
2019-02-15 17:15:00,2019-02-15 20:45:00,SELL,SweepEQH,1315.28,1320.38,1297.56,1320.38,0.07,-36.17,-1.014,SL,1.19,3667.67
2019-02-20 20:45:00,2019-02-21 19:30:00,SELL,SweepEQH,1343.1,1346.39,1328.23,1328.23,0.11,162.8,4.503,TP,0.24,3830.47
2019-02-25 17:45:00,2019-02-28 17:15:00,SELL,SweepEQH,1328.95,1333.05,1315.81,1315.81,0.09,117.63,3.186,TP,0.29,3948.1
2019-03-05 03:45:00,2019-03-05 09:15:00,BUY,SweepEQL,1287.75,1285.33,1294.72,1285.33,0.16,-39.82,-1.029,SL,1.26,3908.27
2019-03-07 10:30:00,2019-03-14 18:30:00,BUY,SweepEQL,1286.55,1280.43,1312.14,1294.92,0.06,49.8,1.356,time_stop,0.62,3958.07
2019-03-15 15:45:00,2019-03-18 02:15:00,BUY,SweepEQL,1304.87,1300.23,1327.22,1300.23,0.09,-42.42,-1.015,SL,1.14,3915.66
2019-03-19 16:30:00,2019-03-20 20:00:00,SELL,SweepEQH,1307.02,1311.28,1293.93,1311.28,0.09,-38.95,-1.016,SL,1.65,3876.71
2019-03-21 12:30:00,2019-03-25 16:00:00,SELL,SweepEQH,1315.92,1320.65,1298.46,1320.65,0.08,-38.41,-1.015,SL,1.11,3838.3
2019-04-01 04:00:00,2019-04-01 09:15:00,BUY,SweepEQL,1293.11,1290.01,1305.97,1290.01,0.12,-38.04,-1.023,SL,1.1,3800.26
2019-04-02 03:00:00,2019-04-02 07:15:00,BUY,SweepEQL,1288.51,1286.17,1296.97,1286.17,0.16,-38.63,-1.03,SL,1.11,3761.63
2019-04-10 03:30:00,2019-04-10 16:30:00,SELL,SweepEQH,1303.44,1305.29,1297.06,1305.29,0.2,-38.44,-1.038,SL,1.79,3723.19
2019-04-12 17:00:00,2019-04-12 22:45:00,BUY,SweepEQL,1294.65,1290.06,1308.2,1290.06,0.08,-37.3,-1.015,SL,1.01,3685.89
2019-04-22 03:30:00,2019-04-22 04:45:00,SELL,SweepEQH,1275.46,1277.47,1264.46,1277.47,0.18,-37.36,-1.035,SL,1.32,3648.53
2019-05-01 19:00:00,2019-05-01 21:00:00,SELL,SweepEQH,1280.32,1285.65,1264.46,1285.65,0.07,-37.79,-1.013,SL,1.23,3610.74
2019-05-08 01:00:00,2019-05-08 03:45:00,SELL,SweepEQH,1283.76,1286.25,1276.93,1286.25,0.15,-38.37,-1.028,SL,1.05,3572.38
2019-05-08 16:00:00,2019-05-13 16:00:00,SELL,SweepEQH,1287.37,1291.91,1268.13,1291.91,0.08,-36.91,-1.015,SL,1.99,3535.47
2019-05-14 09:00:00,2019-05-15 15:00:00,SELL,SweepEQH,1297.98,1300.2,1283.08,1300.2,0.16,-36.62,-1.032,SL,1.28,3498.85
2019-05-15 17:15:00,2019-05-17 16:15:00,SELL,SweepEQH,1296.22,1301.36,1281.9,1281.9,0.07,99.75,2.771,TP,0.49,3598.6
2019-05-20 15:00:00,2019-05-21 14:15:00,BUY,SweepEQL,1278.37,1273.25,1293.2,1273.25,0.07,-36.32,-1.014,SL,1.3,3562.28
2019-05-23 08:45:00,2019-05-23 18:00:00,BUY,SweepEQL,1274.73,1272.67,1287.21,1287.21,0.17,210.97,6.029,TP,0.69,3773.25
2019-05-24 06:00:00,2019-05-24 11:15:00,BUY,SweepEQL,1284.43,1282.26,1293.2,1282.26,0.17,-38.15,-1.032,SL,1.03,3735.09
2019-05-28 09:30:00,2019-05-28 15:00:00,BUY,SweepEQL,1284.05,1282.12,1288.89,1282.12,0.19,-38.01,-1.036,SL,1.85,3697.09
2019-06-06 16:15:00,2019-06-06 18:45:00,SELL,SweepEQH,1333.9,1338.8,1319.87,1338.8,0.08,-39.74,-1.014,SL,1.09,3657.35
2019-06-13 12:15:00,2019-06-13 18:15:00,SELL,SweepEQH,1335.49,1339.35,1319.83,1339.35,0.09,-35.38,-1.018,SL,1.05,3621.97
2019-06-27 15:45:00,2019-06-27 18:15:00,SELL,SweepEQH,1400.68,1407.93,1379.53,1407.93,0.05,-36.62,-1.01,SL,1.05,3585.35
2019-07-04 08:30:00,2019-07-05 01:30:00,SELL,SweepEQH,1415.53,1421.99,1389.83,1421.99,0.06,-39.16,-1.011,SL,1.34,3546.19
2019-07-08 15:00:00,2019-07-09 11:45:00,SELL,SweepEQH,1403.13,1407.39,1386.63,1386.63,0.08,131.44,3.853,TP,0.91,3677.63
2019-07-09 18:00:00,2019-07-11 01:00:00,BUY,SweepEQL,1397.34,1389.52,1420.03,1420.03,0.05,113.1,2.892,TP,0.96,3790.73
2019-07-12 03:45:00,2019-07-17 12:30:00,BUY,SweepEQL,1407.03,1400.29,1427.07,1400.29,0.06,-40.87,-1.01,SL,1.04,3749.86
2019-07-22 20:45:00,2019-07-22 22:45:00,BUY,SweepEQL,1428.53,1423.86,1441.76,1423.86,0.08,-37.89,-1.015,SL,1.05,3711.96
2019-07-23 18:15:00,2019-07-25 14:30:00,SELL,SweepEQH,1421.69,1431.03,1391.36,1431.03,0.04,-37.65,-1.007,SL,1.22,3674.31
2019-07-25 15:45:00,2019-08-01 20:45:00,SELL,SweepEQH,1424.14,1434.54,1391.36,1434.54,0.04,-41.87,-1.007,SL,1.48,3632.44
2019-08-02 15:45:00,2019-08-02 17:00:00,SELL,SweepEQH,1433.92,1442.58,1400.44,1442.58,0.04,-34.9,-1.008,SL,1.19,3597.54
2019-08-08 15:45:00,2019-08-08 20:30:00,SELL,SweepEQH,1491.91,1501.83,1463.1,1501.83,0.04,-39.97,-1.007,SL,1.0,3557.57
2019-08-09 09:15:00,2019-08-12 21:30:00,SELL,SweepEQH,1502.37,1508.57,1484.97,1508.57,0.06,-37.62,-1.011,SL,2.84,3519.95
2019-08-23 23:00:00,2019-08-26 01:00:00,SELL,SweepEQH,1526.35,1530.79,1501.83,1530.79,0.08,-36.07,-1.016,SL,5.19,3483.88
2019-08-27 11:00:00,2019-08-27 17:45:00,SELL,SweepEQH,1530.91,1535.47,1501.83,1535.47,0.08,-37.05,-1.015,SL,1.66,3446.83
2019-09-02 04:00:00,2019-09-03 15:15:00,SELL,SweepEQH,1523.83,1534.59,1492.43,1534.59,0.03,-32.5,-1.007,SL,1.02,3414.33
2019-09-09 19:15:00,2019-09-10 02:15:00,BUY,SweepEQL,1503.45,1496.58,1523.51,1496.58,0.05,-34.72,-1.01,SL,1.02,3379.61
2019-09-11 03:00:00,2019-09-12 09:45:00,BUY,SweepEQL,1488.15,1484.08,1500.97,1500.97,0.08,102.0,3.132,TP,0.34,3481.61
2019-09-13 03:00:00,2019-09-13 17:30:00,BUY,SweepEQL,1500.24,1494.99,1517.89,1494.99,0.07,-37.22,-1.013,SL,1.52,3444.39
2019-09-16 01:00:00,2019-09-18 21:30:00,BUY,SweepEQL,1502.94,1484.9,1556.98,1484.9,0.02,-36.21,-1.004,SL,1.11,3408.17
2019-09-23 01:00:00,2019-09-23 04:45:00,SELL,SweepEQH,1512.78,1517.62,1499.25,1517.62,0.07,-34.35,-1.014,SL,1.1,3373.83
2019-09-26 13:15:00,2019-09-26 15:00:00,BUY,SweepEQL,1509.19,1504.82,1530.41,1504.82,0.08,-35.55,-1.016,SL,1.47,3338.27
2019-09-26 21:30:00,2019-09-26 22:15:00,BUY,SweepEQL,1509.54,1503.79,1530.41,1503.79,0.06,-34.9,-1.012,SL,1.03,3303.37
2019-09-30 21:30:00,2019-10-01 06:45:00,BUY,SweepEQL,1473.47,1463.52,1503.02,1463.52,0.03,-30.06,-1.007,SL,1.09,3273.31
2019-10-04 02:45:00,2019-10-04 15:30:00,BUY,SweepEQL,1508.51,1504.34,1530.41,1504.34,0.08,-33.91,-1.017,SL,2.47,3239.4
2019-10-08 17:45:00,2019-10-08 21:45:00,SELL,SweepEQH,1501.71,1509.5,1478.56,1509.5,0.04,-31.43,-1.009,SL,1.02,3207.97
2019-10-15 15:45:00,2019-10-22 20:45:00,SELL,SweepEQH,1490.63,1499.05,1461.98,1485.06,0.04,22.0,0.653,time_stop,0.79,3229.97
2019-10-24 04:30:00,2019-10-24 09:30:00,BUY,SweepEQL,1493.06,1490.69,1503.13,1490.69,0.14,-34.11,-1.03,SL,1.12,3195.87
2019-10-31 21:00:00,2019-11-01 03:00:00,SELL,SweepEQH,1509.84,1513.58,1496.97,1513.58,0.09,-34.3,-1.019,SL,1.01,3161.57
2019-11-01 03:45:00,2019-11-01 10:15:00,SELL,SweepEQH,1510.92,1513.88,1496.97,1513.88,0.11,-33.33,-1.024,SL,1.27,3128.24
2019-11-04 15:15:00,2019-11-05 15:15:00,SELL,SweepEQH,1510.46,1515.23,1496.97,1496.97,0.07,93.94,2.816,TP,0.31,3222.18
2019-11-05 22:00:00,2019-11-07 17:30:00,BUY,SweepEQL,1484.68,1478.88,1505.46,1478.88,0.06,-35.2,-1.012,SL,2.05,3186.99
2019-11-13 15:00:00,2019-11-14 09:15:00,SELL,SweepEQH,1463.46,1467.16,1452.51,1467.16,0.09,-33.96,-1.019,SL,1.17,3153.03
2019-11-15 13:00:00,2019-11-18 09:15:00,BUY,SweepEQL,1466.52,1461.96,1488.09,1461.96,0.07,-32.38,-1.015,SL,1.05,3120.65
2019-11-19 14:00:00,2019-11-21 17:00:00,BUY,SweepEQL,1468.38,1464.37,1488.09,1464.37,0.08,-32.64,-1.017,SL,1.35,3088.01
2019-11-22 14:45:00,2019-11-25 15:00:00,SELL,SweepEQH,1469.53,1473.56,1456.28,1456.28,0.08,105.44,3.267,TP,0.41,3193.45
2019-11-25 16:45:00,2019-11-26 02:00:00,BUY,SweepEQL,1459.66,1453.48,1477.01,1453.48,0.05,-31.24,-1.011,SL,1.04,3162.2
2019-12-04 16:30:00,2019-12-11 21:30:00,SELL,SweepEQH,1474.71,1482.41,1452.45,1473.29,0.04,5.4,0.175,time_stop,0.72,3167.6
2019-12-12 21:45:00,2019-12-13 01:00:00,BUY,SweepEQL,1469.82,1463.28,1494.13,1463.28,0.05,-33.03,-1.011,SL,1.24,3134.57
2019-12-23 07:00:00,2019-12-23 08:30:00,SELL,SweepEQH,1480.31,1481.71,1476.88,1481.71,0.22,-32.37,-1.05,SL,2.4,3102.2
2019-12-27 07:30:00,2019-12-27 18:15:00,SELL,SweepEQH,1512.06,1514.15,1506.55,1514.15,0.15,-32.45,-1.033,SL,1.42,3069.75
2019-12-30 22:45:00,2019-12-31 03:00:00,SELL,SweepEQH,1514.5,1516.25,1510.44,1516.25,0.18,-32.74,-1.04,SL,3.06,3037.01
2020-01-03 21:30:00,2020-01-06 01:00:00,SELL,SweepEQH,1545.97,1553.92,1522.75,1553.92,0.04,-32.09,-1.009,SL,4.54,3004.92
2020-01-10 15:30:00,2020-01-13 11:00:00,BUY,SweepEQL,1554.74,1546.71,1578.31,1546.71,0.04,-32.4,-1.009,SL,1.03,2972.52
2020-01-14 17:30:00,2020-01-14 20:30:00,SELL,SweepEQH,1541.41,1547.58,1522.75,1547.58,0.05,-31.2,-1.011,SL,1.2,2941.33
2020-01-15 08:30:00,2020-01-15 10:45:00,SELL,SweepEQH,1550.52,1554.15,1535.96,1554.15,0.08,-29.61,-1.019,SL,1.03,2911.71
2020-01-15 14:00:00,2020-01-15 15:45:00,SELL,SweepEQH,1550.87,1554.57,1540.91,1554.57,0.08,-30.13,-1.019,SL,1.07,2881.58
2020-01-17 15:45:00,2020-01-17 19:15:00,SELL,SweepEQH,1555.04,1559.6,1542.03,1559.6,0.06,-27.8,-1.015,SL,1.03,2853.78
2020-01-21 14:15:00,2020-01-21 15:45:00,BUY,SweepEQL,1557.51,1552.12,1595.28,1552.12,0.05,-27.32,-1.013,SL,1.25,2826.46
2020-01-27 16:45:00,2020-01-31 17:45:00,SELL,SweepEQH,1579.47,1586.71,1556.49,1586.71,0.04,-29.25,-1.01,SL,1.33,2797.21
2020-02-03 12:45:00,2020-02-03 16:45:00,BUY,SweepEQL,1581.12,1574.53,1611.35,1574.53,0.04,-26.65,-1.011,SL,1.04,2770.56
2020-02-06 03:00:00,2020-02-06 04:45:00,BUY,SweepEQL,1557.51,1554.1,1571.56,1554.1,0.08,-27.88,-1.02,SL,1.03,2742.68
2020-02-06 07:45:00,2020-02-07 16:30:00,BUY,SweepEQL,1556.45,1552.11,1571.56,1571.56,0.06,90.24,3.467,TP,0.35,2832.92
2020-02-11 09:30:00,2020-02-11 10:00:00,BUY,SweepEQL,1569.68,1566.06,1579.61,1566.06,0.08,-29.5,-1.019,SL,1.08,2803.42
2020-02-13 17:00:00,2020-02-18 16:00:00,BUY,SweepEQL,1576.53,1571.23,1592.0,1592.0,0.05,77.0,2.908,TP,0.66,2880.42
2020-02-27 18:00:00,2020-02-28 17:30:00,SELL,SweepEQH,1647.14,1661.76,1603.84,1603.84,0.02,86.46,2.957,TP,0.54,2966.88
2020-03-04 03:00:00,2020-03-05 15:15:00,SELL,SweepEQH,1639.97,1654.42,1594.54,1654.42,0.02,-29.03,-1.005,SL,1.11,2937.85
2020-03-11 10:45:00,2020-03-11 13:00:00,SELL,SweepEQH,1656.69,1667.4,1593.45,1667.4,0.03,-32.35,-1.007,SL,1.05,2905.49
2020-03-11 16:30:00,2020-03-12 15:30:00,SELL,SweepEQH,1654.59,1672.38,1593.45,1593.45,0.02,122.14,3.433,TP,0.08,3027.63
2020-03-18 20:30:00,2020-03-19 05:00:00,BUY,SweepEQL,1498.04,1469.97,1597.91,1469.97,0.01,-28.14,-1.002,SL,1.08,2999.49
2020-03-20 21:45:00,2020-03-23 16:30:00,BUY,SweepEQL,1489.46,1477.8,1529.74,1529.74,0.03,120.63,3.45,TP,0.38,3120.12
2020-03-27 08:30:00,2020-03-27 15:15:00,SELL,SweepEQH,1622.95,1628.62,1600.87,1628.62,0.06,-34.46,-1.012,SL,1.1,3085.66
2020-04-03 23:45:00,2020-04-06 09:30:00,SELL,SweepEQH,1615.4,1626.95,1577.45,1626.95,0.03,-34.87,-1.006,SL,1.24,3050.8
2020-04-07 10:15:00,2020-04-09 15:30:00,SELL,SweepEQH,1654.23,1670.15,1605.85,1670.15,0.02,-31.98,-1.004,SL,1.11,3018.82
2020-04-14 08:00:00,2020-04-14 11:00:00,SELL,SweepEQH,1712.73,1726.68,1670.75,1726.68,0.02,-28.04,-1.005,SL,1.06,2990.78
2020-04-15 18:45:00,2020-04-16 13:45:00,SELL,SweepEQH,1713.09,1728.19,1655.09,1728.19,0.02,-30.34,-1.005,SL,1.34,2960.45
2020-04-21 12:00:00,2020-04-22 10:45:00,SELL,SweepEQH,1689.27,1698.92,1655.09,1698.92,0.03,-29.17,-1.007,SL,1.06,2931.27
2020-04-22 14:45:00,2020-04-22 15:30:00,SELL,SweepEQH,1694.85,1703.09,1660.03,1703.09,0.04,-33.22,-1.009,SL,1.14,2898.05
2020-04-29 16:00:00,2020-04-29 22:30:00,SELL,SweepEQH,1700.03,1713.39,1660.03,1713.39,0.02,-26.86,-1.005,SL,1.32,2871.2
2020-05-04 15:15:00,2020-05-07 19:30:00,SELL,SweepEQH,1701.77,1714.63,1660.03,1714.63,0.02,-25.87,-1.005,SL,1.06,2845.33
2020-05-08 15:15:00,2020-05-11 18:00:00,SELL,SweepEQH,1716.72,1724.48,1693.13,1693.13,0.04,94.08,3.029,TP,0.63,2939.41
2020-05-12 09:30:00,2020-05-12 10:30:00,SELL,SweepEQH,1699.3,1703.53,1684.32,1703.53,0.07,-30.11,-1.017,SL,1.45,2909.3
2020-05-12 13:30:00,2020-05-12 16:45:00,SELL,SweepEQH,1701.96,1707.59,1684.32,1707.59,0.05,-28.51,-1.012,SL,1.36,2880.8
2020-05-14 04:00:00,2020-05-14 16:30:00,SELL,SweepEQH,1715.03,1720.27,1698.93,1720.27,0.05,-26.57,-1.013,SL,2.44,2854.23
2020-05-21 16:45:00,2020-05-27 14:30:00,SELL,SweepEQH,1733.39,1742.48,1702.45,1702.45,0.03,92.61,3.398,TP,0.74,2946.84
2020-06-02 18:15:00,2020-06-03 17:15:00,SELL,SweepEQH,1732.67,1746.02,1693.62,1693.62,0.02,77.96,2.92,TP,0.13,3024.8
2020-06-08 09:15:00,2020-06-08 16:30:00,BUY,SweepEQL,1693.73,1686.58,1716.04,1686.58,0.04,-28.87,-1.01,SL,1.05,2995.93
2020-06-17 10:30:00,2020-06-17 22:45:00,SELL,SweepEQH,1723.44,1729.99,1704.11,1729.99,0.05,-33.12,-1.011,SL,1.04,2962.81
2020-06-19 04:15:00,2020-06-19 18:00:00,BUY,SweepEQL,1725.38,1720.79,1743.03,1743.03,0.06,105.48,3.827,TP,0.24,3068.29
2020-06-23 05:15:00,2020-06-23 15:30:00,SELL,SweepEQH,1750.96,1761.31,1717.3,1761.31,0.03,-31.25,-1.007,SL,1.04,3037.04
2020-06-30 08:30:00,2020-06-30 09:30:00,SELL,SweepEQH,1769.3,1773.06,1747.29,1773.06,0.08,-30.64,-1.019,SL,1.18,3006.39
2020-06-30 20:45:00,2020-07-01 10:00:00,SELL,SweepEQH,1779.72,1786.87,1747.29,1786.87,0.04,-28.87,-1.01,SL,1.06,2977.52
2020-07-06 13:00:00,2020-07-06 14:45:00,SELL,SweepEQH,1774.57,1779.39,1757.43,1779.39,0.06,-29.37,-1.015,SL,1.06,2948.15
2020-07-06 17:00:00,2020-07-07 17:00:00,SELL,SweepEQH,1781.83,1787.81,1757.43,1787.81,0.05,-30.27,-1.012,SL,2.34,2917.88
2020-07-07 23:45:00,2020-07-08 11:00:00,SELL,SweepEQH,1794.3,1797.66,1775.53,1797.66,0.09,-30.91,-1.021,SL,1.49,2886.98
2020-07-09 13:30:00,2020-07-14 13:15:00,SELL,SweepEQH,1811.26,1816.45,1792.26,1792.26,0.06,113.58,3.645,TP,0.8,3000.56
2020-07-15 07:00:00,2020-07-15 10:45:00,SELL,SweepEQH,1806.75,1811.67,1790.63,1811.67,0.06,-29.95,-1.014,SL,1.05,2970.6
2020-07-15 23:45:00,2020-07-16 02:45:00,SELL,SweepEQH,1809.67,1812.92,1795.16,1812.92,0.09,-29.87,-1.022,SL,1.06,2940.73
2020-07-16 03:45:00,2020-07-16 22:45:00,SELL,SweepEQH,1810.05,1813.57,1795.16,1795.16,0.08,118.56,4.208,TP,0.35,3059.29
2020-08-05 19:00:00,2020-08-06 14:30:00,SELL,SweepEQH,2038.13,2057.65,1971.31,2057.65,0.02,-39.17,-1.004,SL,1.06,3020.12
2020-08-17 07:45:00,2020-08-18 08:30:00,BUY,SweepEQL,1943.54,1928.71,1997.59,1997.59,0.02,107.96,3.639,TP,0.09,3128.08
2020-08-19 15:45:00,2020-08-19 17:30:00,BUY,SweepEQL,1992.15,1980.07,2029.92,1980.07,0.03,-36.44,-1.006,SL,1.56,3091.64
2020-08-21 04:00:00,2020-08-24 15:00:00,SELL,SweepEQH,1942.69,1956.95,1862.58,1956.95,0.02,-28.67,-1.005,SL,1.13,3062.97
2020-08-24 15:30:00,2020-08-27 16:15:00,SELL,SweepEQH,1947.17,1962.97,1862.58,1962.97,0.02,-31.75,-1.004,SL,1.86,3031.22
2020-09-02 09:45:00,2020-09-02 10:15:00,BUY,SweepEQL,1965.9,1960.24,1992.29,1960.24,0.05,-28.65,-1.012,SL,1.36,3002.57
2020-09-02 12:00:00,2020-09-02 15:00:00,BUY,SweepEQL,1970.88,1954.76,2029.92,1954.76,0.02,-32.39,-1.004,SL,1.07,2970.19
2020-09-03 10:30:00,2020-09-03 18:15:00,BUY,SweepEQL,1937.85,1925.91,1973.26,1925.91,0.02,-24.01,-1.006,SL,1.35,2946.18
2020-09-08 11:15:00,2020-09-08 19:15:00,SELL,SweepEQH,1928.52,1936.29,1902.64,1936.29,0.04,-31.35,-1.009,SL,1.17,2914.82
2020-09-11 03:15:00,2020-09-11 05:45:00,BUY,SweepEQL,1947.83,1940.82,1971.87,1940.82,0.04,-28.32,-1.01,SL,1.32,2886.5
2020-09-11 15:15:00,2020-09-11 16:00:00,SELL,SweepEQH,1942.7,1948.86,1919.95,1948.86,0.05,-31.16,-1.011,SL,1.31,2855.34
2020-09-15 09:45:00,2020-09-15 13:45:00,SELL,SweepEQH,1962.91,1969.81,1939.94,1969.81,0.04,-27.87,-1.01,SL,1.26,2827.47
2020-09-18 13:45:00,2020-09-18 19:15:00,SELL,SweepEQH,1951.31,1956.62,1932.87,1956.62,0.05,-26.9,-1.013,SL,1.6,2800.57
2020-09-28 14:30:00,2020-10-01 15:15:00,BUY,SweepEQL,1862.24,1847.75,1905.39,1905.39,0.02,86.16,2.973,TP,0.06,2886.73
2020-10-02 08:00:00,2020-10-05 10:00:00,BUY,SweepEQL,1898.03,1888.93,1934.56,1888.93,0.03,-27.51,-1.008,SL,1.11,2859.21
2020-10-05 11:30:00,2020-10-06 23:00:00,BUY,SweepEQL,1895.83,1886.35,1934.56,1886.35,0.03,-28.64,-1.007,SL,1.31,2830.58
2020-10-08 20:30:00,2020-10-16 02:30:00,BUY,SweepEQL,1892.27,1881.0,1934.56,1907.83,0.03,46.47,1.374,time_stop,0.87,2877.05
2020-10-19 07:45:00,2020-10-20 04:45:00,BUY,SweepEQL,1903.11,1896.56,1924.07,1896.56,0.04,-26.47,-1.011,SL,1.0,2850.57
2020-11-02 18:00:00,2020-11-04 03:00:00,BUY,SweepEQL,1894.75,1884.88,1925.94,1884.88,0.03,-29.83,-1.007,SL,1.31,2820.74
2020-11-04 13:45:00,2020-11-06 15:45:00,BUY,SweepEQL,1902.62,1886.1,1960.1,1960.1,0.02,114.82,3.476,TP,0.58,2935.56
2020-11-13 05:15:00,2020-11-13 14:15:00,SELL,SweepEQH,1875.96,1882.58,1856.43,1882.58,0.04,-26.76,-1.011,SL,1.67,2908.81
2020-11-27 07:30:00,2020-11-27 15:00:00,BUY,SweepEQL,1810.32,1802.18,1836.3,1802.18,0.04,-32.83,-1.009,SL,2.16,2875.97
2020-12-03 19:30:00,2020-12-07 10:30:00,BUY,SweepEQL,1838.3,1822.31,1893.43,1822.31,0.02,-32.13,-1.004,SL,1.02,2843.85
2020-12-11 13:00:00,2020-12-11 15:45:00,SELL,SweepEQH,1829.81,1840.53,1775.42,1840.53,0.03,-32.37,-1.007,SL,1.03,2811.48
2020-12-14 21:45:00,2020-12-15 04:00:00,SELL,SweepEQH,1825.01,1830.83,1807.43,1830.83,0.05,-29.43,-1.012,SL,1.23,2782.05
2020-12-17 12:15:00,2020-12-17 15:00:00,SELL,SweepEQH,1873.98,1884.07,1844.71,1884.07,0.03,-30.47,-1.007,SL,1.0,2751.58
2020-12-18 16:15:00,2020-12-21 03:00:00,SELL,SweepEQH,1882.9,1890.66,1844.71,1890.66,0.04,-31.31,-1.009,SL,1.52,2720.27
2020-12-22 01:00:00,2020-12-22 08:00:00,BUY,SweepEQL,1881.47,1873.39,1906.7,1873.39,0.03,-24.44,-1.009,SL,1.05,2695.83
2020-12-23 16:30:00,2021-01-04 04:45:00,BUY,SweepEQL,1874.98,1855.95,1965.46,1921.79,0.01,46.74,2.457,time_stop,0.31,2742.57
2021-01-05 02:00:00,2021-01-05 11:30:00,SELL,SweepEQH,1939.7,1946.15,1918.93,1946.15,0.04,-26.07,-1.011,SL,1.01,2716.5
2021-01-05 22:30:00,2021-01-06 03:00:00,SELL,SweepEQH,1947.88,1953.76,1929.78,1953.76,0.05,-29.77,-1.012,SL,1.27,2686.73
2021-01-06 03:30:00,2021-01-06 10:45:00,SELL,SweepEQH,1948.49,1956.24,1922.47,1956.24,0.03,-23.46,-1.009,SL,1.04,2663.26
2021-01-07 07:30:00,2021-01-07 12:15:00,BUY,SweepEQL,1920.23,1914.14,1943.6,1914.14,0.04,-24.64,-1.011,SL,1.5,2638.63
2021-01-13 15:30:00,2021-01-13 22:45:00,BUY,SweepEQL,1859.22,1848.64,1894.53,1848.64,0.02,-21.31,-1.007,SL,1.27,2617.32
2021-01-20 16:00:00,2021-01-27 21:00:00,BUY,SweepEQL,1854.11,1831.16,1927.64,1845.97,0.01,-8.21,-0.358,time_stop,0.99,2609.11
2021-02-03 14:15:00,2021-02-03 16:45:00,BUY,SweepEQL,1837.68,1832.6,1853.49,1832.6,0.05,-25.77,-1.014,SL,1.16,2583.34
2021-02-08 07:00:00,2021-02-08 10:45:00,BUY,SweepEQL,1813.39,1807.84,1834.15,1807.84,0.05,-28.11,-1.013,SL,1.01,2555.22
2021-02-09 07:30:00,2021-02-09 10:45:00,SELL,SweepEQH,1838.49,1843.87,1818.55,1843.87,0.05,-27.27,-1.013,SL,1.25,2527.96
2021-02-12 02:45:00,2021-02-12 17:45:00,SELL,SweepEQH,1823.86,1828.29,1807.77,1828.29,0.06,-27.0,-1.016,SL,1.54,2500.96
2021-02-16 13:15:00,2021-02-16 16:15:00,SELL,SweepEQH,1820.6,1826.26,1791.98,1791.98,0.04,114.2,5.043,TP,0.19,2615.16
2021-02-17 13:45:00,2021-02-17 15:15:00,BUY,SweepEQL,1791.12,1782.9,1825.64,1782.9,0.03,-24.88,-1.009,SL,1.61,2590.27
2021-02-22 04:45:00,2021-02-22 08:00:00,SELL,SweepEQH,1783.26,1790.49,1760.64,1790.49,0.04,-29.2,-1.01,SL,1.63,2561.07
2021-02-23 07:15:00,2021-02-24 15:45:00,SELL,SweepEQH,1810.15,1816.53,1790.24,1790.24,0.04,79.36,3.112,TP,0.71,2640.43
2021-03-05 16:00:00,2021-03-08 13:45:00,BUY,SweepEQL,1700.16,1686.05,1743.01,1686.05,0.02,-28.35,-1.005,SL,1.02,2612.08
2021-03-12 02:30:00,2021-03-12 04:30:00,BUY,SweepEQL,1725.38,1720.9,1740.49,1720.9,0.06,-27.28,-1.016,SL,1.28,2584.8
2021-03-15 16:30:00,2021-03-16 07:30:00,SELL,SweepEQH,1726.48,1735.58,1699.21,1735.58,0.03,-27.5,-1.008,SL,1.06,2557.3
2021-03-16 08:45:00,2021-03-16 16:15:00,SELL,SweepEQH,1730.83,1737.61,1700.63,1737.61,0.04,-27.4,-1.01,SL,1.35,2529.9
2021-03-29 03:15:00,2021-03-29 04:00:00,BUY,SweepEQL,1732.65,1730.18,1746.72,1730.18,0.1,-25.4,-1.028,SL,2.11,2504.5
2021-03-31 16:30:00,2021-04-01 16:45:00,BUY,SweepEQL,1690.62,1681.46,1726.3,1726.3,0.03,106.83,3.889,TP,0.29,2611.33
2021-04-05 03:00:00,2021-04-05 18:15:00,SELL,SweepEQH,1726.74,1730.84,1710.13,1730.84,0.06,-25.03,-1.017,SL,1.51,2586.3
2021-04-05 20:45:00,2021-04-06 04:00:00,SELL,SweepEQH,1725.1,1734.24,1682.29,1734.24,0.03,-27.63,-1.008,SL,1.02,2558.67
2021-04-07 22:00:00,2021-04-08 08:30:00,SELL,SweepEQH,1737.04,1743.04,1710.13,1743.04,0.04,-24.27,-1.012,SL,1.39,2534.4
2021-04-14 05:00:00,2021-04-15 15:00:00,SELL,SweepEQH,1744.0,1749.71,1724.6,1749.71,0.04,-23.11,-1.012,SL,1.18,2511.29
2021-04-23 02:45:00,2021-04-23 04:00:00,SELL,SweepEQH,1782.87,1786.46,1773.01,1786.46,0.07,-25.61,-1.02,SL,1.06,2485.67
2021-04-23 16:30:00,2021-04-28 12:15:00,SELL,SweepEQH,1784.94,1791.56,1766.03,1766.03,0.04,75.36,2.845,TP,0.4,2561.03
2021-05-05 12:30:00,2021-05-05 15:15:00,BUY,SweepEQL,1779.01,1773.73,1795.44,1773.73,0.05,-26.76,-1.013,SL,1.12,2534.27
2021-05-07 08:30:00,2021-05-07 11:30:00,SELL,SweepEQH,1818.06,1822.19,1790.78,1822.19,0.06,-25.2,-1.017,SL,1.16,2509.07
2021-05-07 15:00:00,2021-05-07 15:30:00,SELL,SweepEQH,1818.16,1823.56,1790.78,1823.56,0.05,-27.35,-1.013,SL,3.94,2481.72
2021-05-12 17:30:00,2021-05-14 23:45:00,SELL,SweepEQH,1823.99,1845.24,1756.19,1845.24,0.01,-21.32,-1.003,SL,1.03,2460.4
2021-05-17 03:00:00,2021-05-17 04:15:00,SELL,SweepEQH,1844.15,1848.61,1831.57,1848.61,0.06,-27.19,-1.016,SL,1.91,2433.22
2021-05-18 16:45:00,2021-05-19 16:00:00,SELL,SweepEQH,1863.63,1876.02,1822.45,1876.02,0.02,-24.91,-1.006,SL,1.01,2408.31
2021-05-28 11:00:00,2021-05-28 15:00:00,BUY,SweepEQL,1891.36,1887.38,1902.34,1887.38,0.06,-24.3,-1.018,SL,2.28,2384.01
2021-06-02 17:45:00,2021-06-03 16:30:00,SELL,SweepEQH,1901.12,1909.74,1873.28,1873.28,0.03,83.31,3.222,TP,0.99,2467.32
2021-06-11 06:45:00,2021-06-11 09:00:00,SELL,SweepEQH,1898.68,1901.31,1887.78,1901.31,0.09,-24.26,-1.027,SL,1.27,2443.06
2021-06-14 01:00:00,2021-06-14 01:45:00,BUY,SweepEQL,1877.89,1874.07,1891.8,1874.07,0.06,-23.32,-1.018,SL,1.17,2419.74
2021-06-15 16:15:00,2021-06-15 17:15:00,BUY,SweepEQL,1866.96,1860.49,1891.8,1860.49,0.04,-26.17,-1.011,SL,1.44,2393.57
2021-06-23 14:15:00,2021-06-23 15:00:00,SELL,SweepEQH,1781.01,1786.07,1766.4,1786.07,0.05,-25.64,-1.014,SL,1.14,2367.93
2021-06-25 17:45:00,2021-07-02 15:30:00,SELL,SweepEQH,1781.71,1791.26,1732.58,1791.26,0.02,-19.24,-1.007,SL,1.27,2348.68
2021-07-12 17:30:00,2021-07-19 22:30:00,BUY,SweepEQL,1806.36,1790.54,1862.91,1810.27,0.01,3.84,0.243,time_stop,0.72,2352.52
2021-07-22 15:30:00,2021-07-23 14:30:00,BUY,SweepEQL,1803.7,1793.28,1834.07,1793.28,0.02,-20.97,-1.007,SL,1.35,2331.55
2021-07-26 04:15:00,2021-07-26 17:00:00,BUY,SweepEQL,1805.13,1798.03,1826.68,1798.03,0.03,-21.52,-1.01,SL,1.1,2310.03
2021-07-28 22:15:00,2021-08-05 04:15:00,BUY,SweepEQL,1805.71,1791.44,1862.91,1811.06,0.02,10.56,0.37,time_stop,0.06,2320.59
2021-08-06 09:00:00,2021-08-06 10:15:00,BUY,SweepEQL,1801.71,1798.52,1812.64,1798.52,0.07,-22.84,-1.022,SL,1.45,2297.75
2021-08-19 16:30:00,2021-08-23 15:15:00,SELL,SweepEQH,1783.16,1793.29,1753.85,1793.29,0.02,-20.4,-1.007,SL,1.04,2277.36
2021-08-25 16:45:00,2021-08-27 05:30:00,SELL,SweepEQH,1789.06,1798.82,1756.92,1798.82,0.02,-19.66,-1.007,SL,1.01,2257.7
2021-09-01 10:45:00,2021-09-01 15:30:00,SELL,SweepEQH,1811.07,1817.57,1784.01,1817.57,0.03,-19.72,-1.011,SL,1.07,2237.97
2021-09-02 14:15:00,2021-09-03 15:15:00,SELL,SweepEQH,1813.82,1817.48,1801.71,1817.48,0.06,-22.39,-1.019,SL,1.01,2215.58
2021-09-08 10:15:00,2021-09-08 16:30:00,BUY,SweepEQL,1799.56,1793.86,1820.61,1793.86,0.04,-23.09,-1.012,SL,1.47,2192.49
2021-09-13 16:30:00,2021-09-14 14:45:00,BUY,SweepEQL,1792.15,1784.5,1814.99,1784.5,0.03,-23.16,-1.009,SL,1.31,2169.33
2021-09-14 15:30:00,2021-09-16 12:45:00,BUY,SweepEQL,1790.66,1778.72,1827.22,1778.72,0.02,-24.03,-1.006,SL,1.09,2145.31
2021-09-27 15:00:00,2021-09-28 09:15:00,BUY,SweepEQL,1750.1,1744.26,1774.1,1744.26,0.04,-23.63,-1.012,SL,1.32,2121.68
2021-10-04 04:45:00,2021-10-04 11:30:00,SELL,SweepEQH,1761.86,1766.13,1749.77,1749.77,0.05,60.1,2.814,TP,0.2,2181.78
2021-10-05 15:00:00,2021-10-05 16:00:00,BUY,SweepEQL,1759.56,1753.1,1787.21,1753.1,0.03,-19.58,-1.011,SL,1.05,2162.2
2021-10-08 07:30:00,2021-10-08 14:00:00,SELL,SweepEQH,1756.99,1760.84,1745.95,1760.84,0.06,-23.49,-1.018,SL,1.36,2138.71
2021-10-12 15:15:00,2021-10-12 16:45:00,SELL,SweepEQH,1757.59,1765.64,1721.65,1765.64,0.03,-24.36,-1.009,SL,1.37,2114.35
2021-10-18 15:00:00,2021-10-22 09:30:00,BUY,SweepEQL,1767.62,1759.6,1792.21,1792.21,0.03,73.56,3.058,TP,0.75,2187.91
2021-10-22 18:15:00,2021-10-29 23:15:00,SELL,SweepEQH,1800.41,1815.06,1754.01,1782.73,0.01,17.61,1.202,time_stop,0.68,2205.52
2021-11-01 02:00:00,2021-11-03 08:15:00,BUY,SweepEQL,1781.87,1778.79,1799.17,1778.79,0.07,-22.06,-1.023,SL,1.17,2183.46
2021-11-03 10:15:00,2021-11-03 14:30:00,BUY,SweepEQL,1783.66,1777.77,1800.76,1777.77,0.04,-23.85,-1.012,SL,1.45,2159.61
2021-11-05 14:30:00,2021-11-05 15:15:00,SELL,SweepEQH,1790.23,1798.21,1761.42,1798.21,0.03,-24.15,-1.009,SL,1.68,2135.46
2021-11-09 04:30:00,2021-11-09 13:30:00,SELL,SweepEQH,1822.75,1827.63,1795.79,1827.63,0.04,-19.79,-1.014,SL,1.21,2115.68
2021-11-19 16:00:00,2021-11-22 16:15:00,SELL,SweepEQH,1858.58,1866.62,1822.32,1822.32,0.03,108.57,4.502,TP,0.5,2224.25
2021-11-26 20:30:00,2021-11-29 01:00:00,BUY,SweepEQL,1791.16,1779.13,1841.62,1779.13,0.02,-24.19,-1.006,SL,1.12,2200.05
2021-11-29 01:45:00,2021-11-30 18:00:00,BUY,SweepEQL,1795.72,1776.03,1862.61,1776.03,0.01,-19.76,-1.004,SL,1.21,2180.29
2021-12-06 06:45:00,2021-12-08 04:00:00,SELL,SweepEQH,1781.61,1788.13,1761.97,1788.13,0.03,-19.76,-1.011,SL,1.24,2160.54
2021-12-10 13:30:00,2021-12-10 15:30:00,BUY,SweepEQL,1772.34,1769.68,1779.68,1779.68,0.08,58.16,2.736,TP,0.24,2218.7
2021-12-14 04:30:00,2021-12-14 16:00:00,SELL,SweepEQH,1786.59,1789.9,1770.1,1770.1,0.07,114.94,4.966,TP,0.58,2333.64
2021-12-20 09:00:00,2021-12-21 17:30:00,SELL,SweepEQH,1800.63,1804.52,1787.0,1787.0,0.06,81.36,3.489,TP,0.45,2415.0
2021-12-23 16:30:00,2021-12-27 03:15:00,SELL,SweepEQH,1800.33,1810.65,1752.34,1810.65,0.02,-20.78,-1.007,SL,1.09,2394.22
2021-12-30 15:15:00,2021-12-30 16:30:00,SELL,SweepEQH,1800.74,1805.18,1785.86,1805.18,0.05,-22.53,-1.016,SL,1.77,2371.69
2021-12-31 09:30:00,2021-12-31 13:15:00,SELL,SweepEQH,1816.9,1820.32,1798.83,1820.32,0.07,-24.41,-1.02,SL,1.0,2347.27
2022-01-07 01:45:00,2022-01-07 15:30:00,BUY,SweepEQL,1791.68,1786.17,1807.15,1786.17,0.04,-22.31,-1.013,SL,1.64,2324.97
2022-01-10 19:30:00,2022-01-18 04:00:00,BUY,SweepEQL,1799.26,1789.71,1829.6,1821.67,0.02,44.68,2.34,time_stop,0.09,2369.65
2022-01-25 10:15:00,2022-01-25 16:45:00,SELL,SweepEQH,1839.42,1843.82,1822.47,1843.82,0.05,-22.35,-1.016,SL,3.05,2347.3
2022-02-01 18:00:00,2022-02-02 08:30:00,BUY,SweepEQL,1806.5,1796.7,1838.62,1796.7,0.02,-19.73,-1.007,SL,1.01,2327.57
2022-02-02 10:15:00,2022-02-03 16:45:00,BUY,SweepEQL,1800.07,1794.04,1818.04,1794.04,0.04,-24.39,-1.012,SL,1.89,2303.18
2022-02-03 18:15:00,2022-02-10 23:15:00,BUY,SweepEQL,1807.39,1787.43,1870.94,1826.18,0.01,18.72,0.938,time_stop,0.76,2321.9
2022-02-16 12:15:00,2022-02-16 16:30:00,SELL,SweepEQH,1854.51,1860.08,1832.77,1860.08,0.04,-22.56,-1.013,SL,1.86,2299.34
2022-02-18 22:00:00,2022-02-18 23:15:00,SELL,SweepEQH,1893.77,1898.33,1873.88,1898.33,0.05,-23.14,-1.015,SL,1.05,2276.2
2022-02-22 03:00:00,2022-02-24 04:15:00,SELL,SweepEQH,1906.0,1915.11,1873.88,1915.11,0.02,-18.36,-1.008,SL,1.01,2257.84
